filepath,label,split,group_id,sha256,dhash
dataset/battery/dl_00000_d39d3633.jpg,battery,test,download-source:battery:d39d3633,9aef7c911b6408c10c84ac32d1c1b030df2da4783fe7abce1ea7471b77d023e7,0000484c4c626081
dataset/battery/dl_00012_338dea8b.jpg,battery,test,download-source:battery:338dea8b,21abd01b6375c0d5cbdaf543e5c56457ab03b03984f7e295894f40be3a8d4ef0,31e8ccc585949818
dataset/battery/dl_00012_3fa66823.jpg,battery,test,download-source:battery:3fa66823,09d5498182c91397395333234de33901c533abbf45815bf95fe7233890147168,1f1f1f3f0f3debef
dataset/battery/dl_00012_421f1943.jpg,battery,test,download-source:battery:421f1943,defe2bd37c300dd8727c53e4c65048035e603706a4b0ee3537a7bfadc3911890,858c86272185cd6d
dataset/battery/dl_00012_43aa4295.jpg,battery,test,download-source:battery:43aa4295,267522a358a15b43e73f4379ea061a5cf86603ffd441aaedb297ae45245a8d6a,031174f8f0fcf8e0
dataset/battery/dl_00012_481e79cf.jpg,battery,test,download-source:battery:481e79cf,b4dd2e469cefda70782242855d4a899ec188d4c8077bbd014fd5e69c1aa18ad8,c0c0c0f070381c0c
dataset/battery/dl_00012_4e4995b2.jpg,battery,test,download-source:battery:4e4995b2,9e4cf7bdfc03e24cdae6e1ed7863258122c3777db621088628597196256f5f80,eefce6d29ad9e327
dataset/battery/dl_00012_62745f2a.jpg,battery,test,download-source:battery:62745f2a,c40eb797c299f89afb44f590853dc86afb0b7b7a5b8c8698d9ccdd4164139026,00000139b8b01890
dataset/battery/dl_00012_6c921b16.jpg,battery,test,download-source:battery:6c921b16,fd823cbf50fc80ec6c909c70ed6dd970ba1e049b9e94c0e2e06ca958977c33aa,f376f032a8589313
dataset/battery/dl_00012_71b1a358.jpg,battery,test,download-source:battery:71b1a358,1bc210fc2a7ace39a6eac73c63de1bda86315012ba56ac5619acc5555d543955,070f3cf8e0e0f078
dataset/battery/dl_00012_ba0aa5ac.jpg,battery,test,download-source:battery:ba0aa5ac,9dc97594cdd0d501d318823337d0fdcd7e8dd2c64fc0e2eef82597734d4a095f,86a2f0f0f0e4e0a6
dataset/battery/dl_00012_c2ac00b7.jpg,battery,test,download-source:battery:c2ac00b7,95c9b44d482199db9153ea31f2b62281f06881ba45a391c769085796b25d5b17,1031e4f0b0ab97ef
dataset/battery/dl_00012_d8660bbf.jpg,battery,test,download-source:battery:d8660bbf,84694da10c7ddf314276306a2eaf9a9c75f8453c55401a15ab39e7b9103e069e,87244570b4f089b1
dataset/battery/dl_00107_1d9ad32e.jpg,battery,test,download-source:battery:1d9ad32e,2fcdca77f480159fa53266b15f4d8c671978682c26a8df44a72852c833fed125,16d37a3793991d1f
dataset/battery/dl_00107_52a678bd.jpg,battery,test,download-source:battery:52a678bd,9a6193d10cb7155d436bbeaf88f0561345b165673ecae761007ca8b318833852,e8f8f8e9e9e9e1b0
dataset/battery/dl_00107_5655ccd6.jpg,battery,test,download-source:battery:5655ccd6,b72fdac13171230ac1c1f5ae306d86ddcb048aa239f0ffacda681ba6e2c68718,800e161e1c8c8581
dataset/battery/dl_00107_81cab699.jpg,battery,test,download-source:battery:81cab699,e0eb6d6f6885482dced0ec08091228a7eb274a2a3e35790be830fff6992f4eb5,17cfcd0f078f8d03
dataset/battery/dl_00107_97c6f509.jpg,battery,test,download-source:battery:97c6f509,050682630bca666b05d7691fd955d79e1beb9ce30706cf2bd7b850d952a1fab3,6de0e0c2e2f23c25
dataset/battery/dl_00107_ac007d3b.jpg,battery,test,download-source:battery:ac007d3b,2edaea8f35a21a85d546ce539656ed6025ad07d2d479480f71d2c7762a068a6f,4fd7c9e8ecfcf4f0
dataset/battery/dl_00107_c9d69cf2.jpg,battery,test,download-source:battery:c9d69cf2,e4666cc395d08ff5bbe7655b8a1db190857978dd87bcc9cb8c84edb02736d335,f0f0f8f8f8f8f8f0
dataset/battery/dl_00153_02fcec86.jpg,battery,test,download-source:battery:02fcec86,e7f4b9687163a9d3b9b5b4415bca8f012efbe820e6439009319e4e2f6c294c19,131b1fcc90333b2b
dataset/battery/dl_00153_bec38d93.jpg,battery,test,download-source:battery:bec38d93,255b91741dfaecd8f0d44ed72feb267d6b18f34b7513cd7d4ed4a36958b8681e,638fc4654d69539b
dataset/bottle/dl_00000_0dd2afaa.jpg,bottle,test,download-source:bottle:0dd2afaa,d84bf09fc92b894f90a7b5ffdd2a3039527f5770efc7448526d596566cee1939,1d1c1ea777310038
dataset/bottle/dl_00000_1439e423.jpg,bottle,test,download-source:bottle:1439e423,506dc1217ae3974635c36f30c191fd246d73c3dff6e68cf84ce2f5e18cb9c9bb,f6a67f139eb3feef
dataset/bottle/dl_00000_359067eb.jpg,bottle,test,download-source:bottle:359067eb,5c6ab20a5ca89a8bf160f0d682e890f80e1add3d96ff73881f3959497ea8f8c4,3a3c39f9727266e4
dataset/bottle/dl_00000_4440ad66.jpg,bottle,test,download-source:bottle:4440ad66,e0aed21b0be124470082e2b60ddf322e3f2008c7f58929c37895b3e040449e8d,90a0a2a686e4b4b4
dataset/bottle/dl_00000_4682edbd.jpg,bottle,test,download-source:bottle:4682edbd,fd0301fc1c9ffcc536da428642c190d8e75589b6cfefb1e7cd84037baa21a58d,32b2b0e0e0e064e0
dataset/bottle/dl_00000_b849d7f0.jpg,bottle,test,download-source:bottle:b849d7f0,c653373785cfbf5e2ecc53daa95dedfe43ebe9cfb0c3810be83f0e8f75689609,393b3b3b33333333
dataset/bottle/dl_00000_b96ae430.jpg,bottle,test,download-source:bottle:b96ae430,c3e1f03bbf5bea310279e896fd4d0fa721054b5aec8075ace7fbd680de4ed0a5,86c4ccbc7c56dc9a
dataset/bottle/dl_00000_d5250fb2.jpg,bottle,test,download-source:bottle:d5250fb2,01b77a3a86467ae31cd4462062057401c078435853e834c8bb06beb10a8075df,ede6e7c343332303
dataset/bottle/dl_00000_d68d9970.jpg,bottle,test,download-source:bottle:d68d9970,91e44127f544c006bbdcd6dc7ff57716008d329d24da591d428ce35f14c1cc62,ccececccd8d8d8dd
dataset/plastic/plastic104.jpg,bottle,test,file:dataset/plastic/plastic104.jpg,ee2efd0c3de2816f3009e3220d6ceb0bf1ba3f9b02563814f85fc4fa9fd09972,fbf3f3f9f9f8f0f0
dataset/plastic/plastic109.jpg,bottle,test,file:dataset/plastic/plastic109.jpg,bec428c22bb87fe0c47558ad00516742c36558c87d8da223803baa40e8bb450e,3fffbd8ccccefc6c
dataset/plastic/plastic112.jpg,bottle,test,file:dataset/plastic/plastic112.jpg,cddcdc2acedaa90d51f298ac2f6ab32a219eb318332763003502476e3dc55fd0,3f33b2b68647f7ff
dataset/plastic/plastic113.jpg,bottle,test,file:dataset/plastic/plastic113.jpg,44d8c7b8b344ab3ba030ea0492d186b786fdc4a8c2010aa2e8a0dc98cb4e1ede,1e1c3820448e9ee6
dataset/plastic/plastic115.jpg,bottle,test,file:dataset/plastic/plastic115.jpg,d5f394f916d68814087c06ef285e28536dfbb0355a714f98834739e2ff3a8ad6,8c9cf8f8b898c8c0
dataset/plastic/plastic116.jpg,bottle,test,file:dataset/plastic/plastic116.jpg,6baac8c58f3c8f9af351013ebb6479f31d8f055b7bc25b25c55e7a54db4c1a21,fcfcd5d7d4d4d4fc
dataset/plastic/plastic12.jpg,bottle,test,file:dataset/plastic/plastic12.jpg,9276e09c44fbf0dd5bf7f405de6efd7edfe61099f7de9019879d2eaba07f47a6,7f73333b3b333f3f
dataset/plastic/plastic126.jpg,bottle,test,file:dataset/plastic/plastic126.jpg,219faadf8ca0140bbe363127e9414f3e53718c2ff180c4ac1a6173a66a2abae1,1c1c18b8f878f0f8
dataset/plastic/plastic134.jpg,bottle,test,file:dataset/plastic/plastic134.jpg,f20f144f44908e67f1008cf6344d9fc12a72a6f9883a063722b4dbfe10bff064,01037cdcd8fcf8f0
dataset/plastic/plastic136.jpg,bottle,test,file:dataset/plastic/plastic136.jpg,2b8b7b53c225e04948f7c1c875ebc4be4382268dd5ec4b0184bcaddae505273e,61f3717273322f2f
dataset/plastic/plastic140.jpg,bottle,test,file:dataset/plastic/plastic140.jpg,a6b5c0650a6b5b6f2117fa074bc95b7766eebdf6fe27f177dcd9554458e58516,d0c0c8f0f0ccf0f0
dataset/plastic/plastic144.jpg,bottle,test,file:dataset/plastic/plastic144.jpg,cb1e8246f2413ce6bdbf4ec97083a88eef3577ff55362fc0b0045373c514f641,07c3e3d37b3b3f5f
dataset/plastic/plastic148.jpg,bottle,test,file:dataset/plastic/plastic148.jpg,daeebc24a8ebcbfdc7b1c383c6d745a188ead378d37db005f532a0fdd8c8d38a,1d3fffffefefe7e7
dataset/plastic/plastic153.jpg,bottle,test,file:dataset/plastic/plastic153.jpg,214c390cd34fce2b18dd269926f2dce3f7defb135278d800bcc0cea0db207aca,7ffbf3f373677f3f
dataset/plastic/plastic156.jpg,bottle,test,file:dataset/plastic/plastic156.jpg,6e76b073923dcfef1a4cd1b7510d0a840d8ee83f68258ab9a285955c354d17e5,f7f3d3e2b2b3b384
dataset/plastic/plastic158.jpg,bottle,test,file:dataset/plastic/plastic158.jpg,ddaf814b724a50341a48db8f05d3632939afe0fc0ee44cdebae43cefde327d80,848c8cc0c0c0c1c1
dataset/plastic/plastic183.jpg,bottle,test,file:dataset/plastic/plastic183.jpg,1bb07d23d88c135a03b8ccb4ab47497dc3bf231cf194a0cf936310d9766195c2,ffffefe1e0e8f838
dataset/plastic/plastic188.jpg,bottle,test,file:dataset/plastic/plastic188.jpg,95ee1f7a19e5987f0be3e7dd0781f374ecbd7a10666deda14a6fba1c63850c51,e0e1f1b139734747
dataset/plastic/plastic19.jpg,bottle,test,file:dataset/plastic/plastic19.jpg,aff2c03bafe7c1efcb645ad0b57114df478f5f04aaeae15d16354e414f2445eb,f7f3f3f1f3f3f7ff
dataset/plastic/plastic194.jpg,bottle,test,file:dataset/plastic/plastic194.jpg,e065d6d28ef07271accb840f14449ac7a73128c09fa04e35819a1083960934cf,434343473f3fdecf
dataset/plastic/plastic206.jpg,bottle,test,file:dataset/plastic/plastic206.jpg,7e8d8ca65e56e0eb598928c026907bd54109ac5533a6b8ce3771664c4212ea28,7b7bfdd9ccdc787c
dataset/plastic/plastic215.jpg,bottle,test,file:dataset/plastic/plastic215.jpg,a3858f8eeb36befa8c708c87e52bdb7bc9bdd20b73a4375fe6a856ca23ce6262,fffffffef8d85a5b
dataset/plastic/plastic223.jpg,bottle,test,file:dataset/plastic/plastic223.jpg,c9d48e78bc73cb71deb8abde8b5f52c69a65e19c00ba30f622d7e255224f4a86,c75bd3d5dee5f472
dataset/plastic/plastic23.jpg,bottle,test,file:dataset/plastic/plastic23.jpg,6fcc879e28f160e32e2b5f8b4ee0e8ab3e57dec802cdfffd1afedf2ff98ef3fe,f3f7f3f3f3fbef6f
dataset/plastic/plastic233.jpg,bottle,test,file:dataset/plastic/plastic233.jpg,8962cbbe0477599e4565fdd6c37fba57ae9a391c92ff84390bcb38d06e0ef770,fff9fdf9f9676767
dataset/plastic/plastic242.jpg,bottle,test,file:dataset/plastic/plastic242.jpg,3d1e36e5e4c1af663d0509513d856d7430c70915e52c20cb1b9f2e0979a2a2fe,ffffffedeceeee8e
dataset/plastic/plastic245.jpg,bottle,test,file:dataset/plastic/plastic245.jpg,d389cfc7a268ded1252e78efc1e7aa498dc63474907c935fcfd1767f273ea7a9,2f637969e97939bf
dataset/plastic/plastic247.jpg,bottle,test,file:dataset/plastic/plastic247.jpg,4a52c4965541deef9a3c77cc7f21ba33917eea02e9c6b153f40960e17417e81f,ffffefe7f8d0dade
dataset/plastic/plastic258.jpg,bottle,test,file:dataset/plastic/plastic258.jpg,450d4d2935c87906b62afaea9d3cb7fac59bf764c6872b134761419c32240c75,7ffbf5f1f1fdf9e9
dataset/plastic/plastic267.jpg,bottle,test,file:dataset/plastic/plastic267.jpg,b1480abb8251b9e4f1227ad91b41d089ba58e3ed312be800958a27f57789751a,e3d3b39feefeffff
dataset/plastic/plastic268.jpg,bottle,test,file:dataset/plastic/plastic268.jpg,2f032358d0a9c0f9eb1782f04438907900eff8595cd6d90827a524f2be451170,7e76fecac2ce81c1
dataset/plastic/plastic271.jpg,bottle,test,file:dataset/plastic/plastic271.jpg,b21a383cdc95334871f941e2fab170ad41e57e62caa29d1bbd022b669ef424c7,7fffcfde9ebfbd9d
dataset/plastic/plastic272.jpg,bottle,test,file:dataset/plastic/plastic272.jpg,6c0952547164bd6bc5bab5a971f84456c1bac30a983758cc51d5e141447f8bb6,ffffff9f3f3ffffe
dataset/plastic/plastic276.jpg,bottle,test,file:dataset/plastic/plastic276.jpg,bfdfbc629a84967c1dbfdc3e90275279a2a2760f9053750c64a3307db605f4d8,ff7ffffbfbfbf9f1
dataset/plastic/plastic277.jpg,bottle,test,file:dataset/plastic/plastic277.jpg,b70669928144a5f5b6f2c5c6740c134a87b8e11079fd90289f22833280439271,f1f0f0f0f9fcfdff
dataset/plastic/plastic28.jpg,bottle,test,file:dataset/plastic/plastic28.jpg,fe828481c8ff4561ba61690fb4dd6d9b9448a95814fc7099b3d50293a1933440,050f0f4f4f4f6713
dataset/plastic/plastic281.jpg,bottle,test,file:dataset/plastic/plastic281.jpg,02ac4f6ea8c3bb88022ae62c041f10aba417a89b9bff40882d5b906267b2132d,33c989ccc6c24141
dataset/plastic/plastic282.jpg,bottle,test,file:dataset/plastic/plastic282.jpg,0fd8314480e6b635f86ca6d27360b5bf5eb7a1a211b7216bfc5271164baf1801,cbcbd9f8f879717c
dataset/plastic/plastic295.jpg,bottle,test,file:dataset/plastic/plastic295.jpg,68e30089fa4660a406b72126b3749cc851a26c666e611f823c857466006963fe,3ef1e1f1f1f1f1f8
dataset/plastic/plastic303.jpg,bottle,test,file:dataset/plastic/plastic303.jpg,6976efbcb5d0632db03aa712d98a08180bfa2991f7648ec200eea0d9d683aa44,ff7ffffbf1f1f0f0
dataset/plastic/plastic31.jpg,bottle,test,file:dataset/plastic/plastic31.jpg,8cc18cc0c6709b6a34594dd1b6b44118ee52d5a5ac38fd2eb8a14b4235bcf5f2,fbf9f9f5f9f9fbff
dataset/plastic/plastic319.jpg,bottle,test,file:dataset/plastic/plastic319.jpg,bf75d7442a831a48b49342223e304c1507ee3108262b23ad8acff182ca040d28,cff3f1f1e43c1c0c
dataset/plastic/plastic32.jpg,bottle,test,file:dataset/plastic/plastic32.jpg,dd4b43a6ba69f04f3264f855f632f83f1cb5656b8bd47c08a958176662bcb27a,fc7cf1f9f1d3e7e7
dataset/plastic/plastic329.jpg,bottle,test,file:dataset/plastic/plastic329.jpg,c78e40757bf8d6728c124ec34644563102b677ded29be69b36a19ff44dcbd195,ffefe6e6cecf7dbd
dataset/plastic/plastic334.jpg,bottle,test,file:dataset/plastic/plastic334.jpg,892ed231f4d541b31c3f49bc5765a8c93647ddf5a317034742f83d46cb940ad7,f8f8faf8f0e1470f
dataset/plastic/plastic340.jpg,bottle,test,file:dataset/plastic/plastic340.jpg,4737f744e32e648dc1711e84cb56d9f453afe9d9ee271f82fdfeaf4b752d48d7,fdfdfeb3bfbcfdff
dataset/plastic/plastic344.jpg,bottle,test,file:dataset/plastic/plastic344.jpg,c2091ae7792ef6d98469bda46f513839d0f45da5b9681e78bf74cd2808e46a2d,e7f3f1b13030a0ee
dataset/plastic/plastic346.jpg,bottle,test,file:dataset/plastic/plastic346.jpg,008d570e2620f929bad28e8b1a5dfe5eb4abb861c02598f9f98349aae2289692,1f73f1f2e2e0f13f
dataset/plastic/plastic348.jpg,bottle,test,file:dataset/plastic/plastic348.jpg,7a6dfb86c6b5d8c45e298989408e85cc3c4c3c872fecdd086ea87a41629d1764,fff7f1f1f3f3f3f3
dataset/plastic/plastic36.jpg,bottle,test,file:dataset/plastic/plastic36.jpg,45b4e36df6c6750a9d602c296afec5c54d044d0b045352030e2c72a2198890ca,dfcfe391c4e67ebe
dataset/plastic/plastic371.jpg,bottle,test,file:dataset/plastic/plastic371.jpg,655525f72b7162d1497b9b94662372c457757b55b64519d965402d8fc5008d40,f3e3e9e1f0fc7e7e
dataset/plastic/plastic376.jpg,bottle,test,file:dataset/plastic/plastic376.jpg,0d1045d59f049c16a905ecdb1f2e35dccf3c631313c6ade6301b211fcd064191,ffdfcfb3f1f0763e
dataset/plastic/plastic381.jpg,bottle,test,file:dataset/plastic/plastic381.jpg,f1f9cd73bbc752919386f1940734c2cbc64335e34ec93e507ec716d7144f9bdf,fefffafcfef87f3f
dataset/plastic/plastic418.jpg,bottle,test,file:dataset/plastic/plastic418.jpg,abf29f030ad600d7ad368fb31dc35a060dca16c1f19f6b610e7908a48d905e29,ffffffef9c9c9c8e
dataset/plastic/plastic424.jpg,bottle,test,file:dataset/plastic/plastic424.jpg,3f3832c7c25c9b7f8fddaf2ade395408e7881c9624ede81e0ac7c02899a6e7e4,fffffecececfcec6
dataset/plastic/plastic431.jpg,bottle,test,file:dataset/plastic/plastic431.jpg,69b2cf41bcf89812d49459a7c849277c1678fbde22cb63fd6981ee7819739f4a,fffffdf8e8f8fbff
dataset/plastic/plastic435.jpg,bottle,test,file:dataset/plastic/plastic435.jpg,edbe3956999482b4ab2ebe1a75e0fff214cf86c7d96c205c95286fd3551c30f7,fffbf9f9f3f3f3f3
dataset/plastic/plastic442.jpg,bottle,test,file:dataset/plastic/plastic442.jpg,8c314191a4963a276888030e5aec28d77cf8c0f4a0e964deef0ade385cec3838,8c9e9ffffefcfeff
dataset/plastic/plastic448.jpg,bottle,test,file:dataset/plastic/plastic448.jpg,a867799ac13e0eae93513015aa973f5f998e9bcc1a03eedd5958e171a5e56070,7fbf6ff1f8f87d7f
dataset/plastic/plastic461.jpg,bottle,test,file:dataset/plastic/plastic461.jpg,cdc4a296c308d3a3eb9ab42c1362599ae73ddd9d28712813c3445a1107b3ccc5,3fefc3e3f3f3e367
dataset/plastic/plastic463.jpg,bottle,test,file:dataset/plastic/plastic463.jpg,0bac49f6aa2001bde9dce18c6fdbed4eb5762f89202a5745ad2223c638ebd30a,7f5fb7a37131b5b8
dataset/plastic/plastic464.jpg,bottle,test,file:dataset/plastic/plastic464.jpg,04765f074dd08bdae1387eac7aad0ea5b047071a2a4ee4ca494b4f868471029e,f5747c6c69e9f939
dataset/plastic/plastic470.jpg,bottle,test,file:dataset/plastic/plastic470.jpg,9fc537c06129c55815ffad37149a24f8c7c5e914f270ef40a44838f65d7f7da9,fb71f1f9f1f1e73f
dataset/plastic/plastic50.jpg,bottle,test,file:dataset/plastic/plastic50.jpg,09e75e68f5b4514645b59e090f13b430d448b9ba03ea05a648a0ed83be35d4ec,f9fdfd9c9cd97169
dataset/plastic/plastic55.jpg,bottle,test,file:dataset/plastic/plastic55.jpg,cd61bf3fc38601b928a272eb2f6890bb53323f6c86f2c2c0d7de648f1d3fc464,c3c7c6e7e7e76767
dataset/plastic/plastic6.jpg,bottle,test,file:dataset/plastic/plastic6.jpg,7e619fbd55c4a04a748d52ab82f2464967e0cc2b424f4e36d5f54c6e9bcd5be7,efc7c7e3f3737373
dataset/plastic/plastic65.jpg,bottle,test,file:dataset/plastic/plastic65.jpg,00fda87186fdaf0484e7e3e3c5a56a22556c6c12c1d042c65d19821cfa460bc2,7fffffe7f7f37373
dataset/plastic/plastic69.jpg,bottle,test,file:dataset/plastic/plastic69.jpg,caa7044e8e8913d0394c7fc4007dc9f40578e57d810e345e80badc68f809954f,f89d0ee4f0fc3f1f
dataset/plastic/plastic71.jpg,bottle,test,file:dataset/plastic/plastic71.jpg,06210ee684574356308ab6a75b5c7cdedc9959a0b1033b968d98d1dee7fb5b90,fffdcfdcdcdcd9f9
dataset/plastic/plastic72.jpg,bottle,test,file:dataset/plastic/plastic72.jpg,fc6ba4d98792b4f60d37402d561d882b57a95d6c6a3ecde3cb469043240e0fd8,7f6777775d6f7f7f
dataset/plastic/plastic73.jpg,bottle,test,file:dataset/plastic/plastic73.jpg,8adfd45c91e59217eb86fbf17b7cc91ea7e3c5e72c9ff5c32d59d97b43766991,fff3fbf9f1797139
dataset/plastic/plastic74.jpg,bottle,test,file:dataset/plastic/plastic74.jpg,39f4528b48c35e138c9dc35a57987bb7c63084c759498487440c0ae1a7868549,f9f1e4e0f0f67e3e
dataset/plastic/plastic78.jpg,bottle,test,file:dataset/plastic/plastic78.jpg,067d32a5afde16199cbe295b57d04bde2495c5f5f54c1053982d9ee706733af1,effcfffffffdff3f
dataset/plastic/plastic8.jpg,bottle,test,file:dataset/plastic/plastic8.jpg,9f5b2e26171e2568ea3c809705cfa00732550ae24e0d06c58680e401bef3474e,7fbdfcfcf9e3c7ff
dataset/plastic/plastic98.jpg,bottle,test,file:dataset/plastic/plastic98.jpg,5dcdd840b2ef4863a974153e836821955c0d8a179529fd9ae3dff29af628b8b8,63737171717b7377
dataset/plastic_bottle/dl_00000_19ac1a66.jpg,bottle,test,download-source:bottle:19ac1a66,77d4a4b64219b862d8099fa7975d61991e905ce0178c8b9f1f5c6b70830111e3,1c1e3a33f333f1e3
dataset/plastic_bottle/dl_00000_1e29a594.jpg,bottle,test,download-source:bottle:1e29a594,ed35ae4bd9516cdbdbefa1802f6572a88f8ed54bd33427893822ee8681cf596e,6f2f191f1f0f0f0f
dataset/plastic_bottle/dl_00000_2256938f.jpg,bottle,test,download-source:bottle:2256938f,dc329791ed8eef2e4128cf53661b6971cf43fdcd86277c6f63b52f12d6d379d9,4161214c44c4b995
dataset/plastic_bottle/dl_00000_42af8454.jpg,bottle,test,download-source:bottle:42af8454,c1ffb29c6b56f512ccc11b5a9643fc05b54c0a14bb59e696b64883ddab37580e,504a2929090da084
dataset/plastic_bottle/dl_00000_4720f28c.jpg,bottle,test,download-source:bottle:4720f28c,ad289ff04af85834c88308c2dcf90b86e9ff3d77d67d5c2a6c4d5bc0d0c4e564,07177a62e3e18181
dataset/plastic_bottle/dl_00000_618888d3.jpg,bottle,test,download-source:bottle:618888d3,a67e5d757f07d363dcec80219e651012e65529715fb22eef3721746c720df430,8f06260706121e1e
dataset/plastic_bottle/dl_00000_995d3be6.jpg,bottle,test,download-source:bottle:995d3be6,8c74831dbacc4e4dfa90e41de7e3575438964229de034f38499e33f2410ceaf3,9b9387173f5eca6a
dataset/plastic_bottle/dl_00000_ae5ad028.jpg,bottle,test,download-source:bottle:ae5ad028,260f723156f56a8b821f56db33361419667f998dc95778506304ee94ca27efbf,0f8f8f973e3e8f0e
dataset/plastic_bottle/dl_00000_cd543f95.jpg,bottle,test,download-source:bottle:cd543f95,154026031fe2e85fa24bc787dd317856aee54cdcc77a192884daaf8c0b2d08c2,079f8b8f86f0f091
dataset/plastic_bottle/dl_00000_de6387e5.jpg,bottle,test,download-source:bottle:de6387e5,059fbe4ed22c32bad77478ec386e055bcd98e175b3908c4a8da28cb40b5d25b3,0f1e0e2a10213030
dataset/plastic_bottle/dl_00000_ef066ead.jpg,bottle,test,download-source:bottle:ef066ead,a38140f578fc00463efadc80fdd1d1f87456d7baad2f5e9266f257d59f023aaf,0b03e13d3da7ce71
dataset/plastic_bottle/dl_00000_f3632d8b.jpg,bottle,test,download-source:bottle:f3632d8b,a4a62359e57556ad1c7675aa8f9e36166b45f2658660d45fd3fd55c3a76ac89f,18892d2d32222061
dataset/probiotic_bottle/off_4903080126164_761414e1ca.jpg,bottle,test,off-sku:4903080126164,77eb093ce7623cdceebde709bce4dc2f3dfb7766adab1bda9f0bee3fc925f8d9,f8088e1f4f5f6cfe
dataset/probiotic_bottle/off_8713108001535_a1480635bb.jpg,bottle,test,off-sku:8713108001535,70ee66dcf6937e44c636a845eb26a217e48db79139d4ce905101000e8e1d3832,bc07070303030101
dataset/probiotic_bottle/off_8713108020642_e27fb191cc.jpg,bottle,test,off-sku:8713108020642,7ea4d769e5cbe54fa2c12c3c0fa6163dfd0e55b2b6200c73488a68623204ae95,0707070707070181
dataset/probiotic_bottle/open_6832f72a61d9.jpg,bottle,test,file:dataset/probiotic_bottle/open_6832f72a61d9.jpg,6832f72a61d908ba0b4f6a30dd70238f793ae70e628e7d4d642fc741d73d183f,795999d9f8dcf8f0
dataset/probiotic_bottle/open_8f5362307a6f.jpg,bottle,test,file:dataset/probiotic_bottle/open_8f5362307a6f.jpg,8f5362307a6f82fad0ba3cbfd14ffb454db57002ee5ae6a2cb5e2b9b8e3a57a5,ece2c3e3e3e3c3c3
dataset/cardboard/cardboard103.jpg,cardboard,test,file:dataset/cardboard/cardboard103.jpg,df9c4036aa2bf59a9c833b02fcef925a767866751dca3b169e71054438def7ae,f8f1f3f3f3f3f3f3
dataset/cardboard/cardboard131.jpg,cardboard,test,file:dataset/cardboard/cardboard131.jpg,24c750b1dc48feec1847b04bd82abab80b66082365cebc9f61960f189f349605,38383c7078787031
dataset/cardboard/cardboard142.jpg,cardboard,test,file:dataset/cardboard/cardboard142.jpg,4cb2df483ca108f9625290f9f10b6aa5eefbf3bc9fb11e9f75804c14d2fe17be,fff9f9c9f8f8b83f
dataset/cardboard/cardboard15.jpg,cardboard,test,file:dataset/cardboard/cardboard15.jpg,2e3bc470e7c2d4838739df371a850a1abadcdaa3c1d98c9f06a6c9416502910d,6160b87c7e7f7f3f
dataset/cardboard/cardboard154.jpg,cardboard,test,file:dataset/cardboard/cardboard154.jpg,dbfe72d71c02bb7b8656a52eaa5da5a722cca50b4c6155bff1027c45c9906a1d,fff8f0f1f1f1e1e3
dataset/cardboard/cardboard155.jpg,cardboard,test,file:dataset/cardboard/cardboard155.jpg,60d831303691885a30cee326a4a313221bd4c53c3747d6c560cc45fec749feb6,eef27e3f3f3b3a1a
dataset/cardboard/cardboard17.jpg,cardboard,test,file:dataset/cardboard/cardboard17.jpg,39385c062633523815827cdf6687d430bd880a937d7ca2ffc08ef11dd6bcdc35,f2fbfbfdf7f7f3f3
dataset/cardboard/cardboard171.jpg,cardboard,test,file:dataset/cardboard/cardboard171.jpg,770e0a53378932f757ebdc1422b58f53b243f303a56edda8dec68884e375881e,7ffff3717979ff7f
dataset/cardboard/cardboard172.jpg,cardboard,test,file:dataset/cardboard/cardboard172.jpg,dc136340244a6e65adf8371c06bf0d9d7adcb086ead81d4b072aceba22d80db0,cfc7c7c3e2f0f079
dataset/cardboard/cardboard182.jpg,cardboard,test,file:dataset/cardboard/cardboard182.jpg,7e3f9b753d038ef4fb3cbc0fa67d2cf4bf16058e83fc3251e1c5a51ca6b08a86,cfe6ea7b7e7efe7c
dataset/cardboard/cardboard185.jpg,cardboard,test,file:dataset/cardboard/cardboard185.jpg,65fefbd73dd0f968703ba0c7319e33d8b52cfad221bca536733ceed485675d14,3fbfbe9e3676d6f0
dataset/cardboard/cardboard191.jpg,cardboard,test,file:dataset/cardboard/cardboard191.jpg,2b82e19cb55b982d291c8838f84c7e4d3639013727fc814fe4aa7589f20fadad,1eaccee6e6ce9e8e
dataset/cardboard/cardboard205.jpg,cardboard,test,file:dataset/cardboard/cardboard205.jpg,cb18509203c2d290dfd7f7c89b371499e85eaaf6c1681dcb31c0548588c28429,7070e0e0f0e0e0d8
dataset/cardboard/cardboard209.jpg,cardboard,test,file:dataset/cardboard/cardboard209.jpg,52b6c183732b04bd232645f5e8685c19280dbc2f0ce9725b156b472924183cb5,fefefefefe9efedc
dataset/cardboard/cardboard21.jpg,cardboard,test,file:dataset/cardboard/cardboard21.jpg,d701faf2b056316b6198b2e5e07030b2308e8474d4cf30e9543728591f2acbda,276f6f6e7e7e7c6e
dataset/cardboard/cardboard221.jpg,cardboard,test,file:dataset/cardboard/cardboard221.jpg,5302461a04d678d5e8637ba2afedb6adbcc4297c8fc008b9c3fbca17fafeaaac,feffffffffffffff
dataset/cardboard/cardboard225.jpg,cardboard,test,file:dataset/cardboard/cardboard225.jpg,315ebaad65063f231a4d92ec7079a65f4d3ce88b89727c36be32ad807653e36c,e7fcfcfcfdede5ff
dataset/cardboard/cardboard230.jpg,cardboard,test,file:dataset/cardboard/cardboard230.jpg,f7de0d793e463836ef67fe1c48d501b5bbc33ed6f3018aff502b539569fc4045,0301000080c0c0c0
dataset/cardboard/cardboard238.jpg,cardboard,test,file:dataset/cardboard/cardboard238.jpg,3e8809962ba990c69e8e5cf5f85e13a720c32b59ce530b4757caa260778319af,7efcfcdcccccdc0f
dataset/cardboard/cardboard24.jpg,cardboard,test,file:dataset/cardboard/cardboard24.jpg,731d84161364895186464acd03ea91fcf8b1ce794d5c119bd0bcabcaa550fbf6,1d3d397f7f2f0f03
dataset/cardboard/cardboard243.jpg,cardboard,test,file:dataset/cardboard/cardboard243.jpg,f9bf17f7469d89fe014d0ff258ae374b308788162677874c01d8e626b13dae5b,ff7f3ffefcbcbcbe
dataset/cardboard/cardboard245.jpg,cardboard,test,file:dataset/cardboard/cardboard245.jpg,27c5990593a694d2efada37217663b621c2475cd8333d0070cba01c828887d2a,0404040404840000
dataset/cardboard/cardboard249.jpg,cardboard,test,file:dataset/cardboard/cardboard249.jpg,4a102c2780d348520cb806607ba6b91199f7426fdcc909e358a22cae14c4ea3a,fffffdffefffffbf
dataset/cardboard/cardboard254.jpg,cardboard,test,file:dataset/cardboard/cardboard254.jpg,e9a6dac80da0113821417577293902328611a143698e4390a0b0cb40170f28bb,3b2b2d2d1313ffab
dataset/cardboard/cardboard267.jpg,cardboard,test,file:dataset/cardboard/cardboard267.jpg,946cd8879f7fee0903565ffc3800ebda7ca33ac087561ca0bf1612714bcd4d5c,effffffffff0f97f
dataset/cardboard/cardboard278.jpg,cardboard,test,file:dataset/cardboard/cardboard278.jpg,eeb7a8c4f9e60d5ae0d5a2e50d221ddf22c5c25b668f9c52146eb3b92f39878a,ffbf1f1f1fbf3e1f
dataset/cardboard/cardboard287.jpg,cardboard,test,file:dataset/cardboard/cardboard287.jpg,0fb29fab42bce798a7d4731ba232acfc60f96096c5beb59160714ee1ab8e7c0d,3efcf8e0c1870c00
dataset/cardboard/cardboard293.jpg,cardboard,test,file:dataset/cardboard/cardboard293.jpg,33355577b83c41982cf47d4f28ef2d977af0c7e596a3dae45170b6bb40fe9e63,7c7c00f8fcfcfcfe
dataset/cardboard/cardboard294.jpg,cardboard,test,file:dataset/cardboard/cardboard294.jpg,1928c692335255284b24fb66446d694cc8b0ff360db60ddd21662f25158d07d4,6670333333733f3a
dataset/cardboard/cardboard296.jpg,cardboard,test,file:dataset/cardboard/cardboard296.jpg,21c3c200b36649b8790df2a1ec57c2da2643db3c32e051cd4583aec9b450f5cd,fffffdfdfdfdf979
dataset/cardboard/cardboard304.jpg,cardboard,test,file:dataset/cardboard/cardboard304.jpg,ad9125050e6d448ce7acc3db28b7a0ff3b8c05438276d1752608fe83e09e174e,5707defcfdfd9b0e
dataset/cardboard/cardboard306.jpg,cardboard,test,file:dataset/cardboard/cardboard306.jpg,216d0a8818c95e559ded0f4671401ff7923b6c3141dea7497e5022e65bed4260,321a1b13076787e7
dataset/cardboard/cardboard313.jpg,cardboard,test,file:dataset/cardboard/cardboard313.jpg,599b5806792a91633a29552b7c7d041a38dc2bafc47d9a198a14fbf64ea74cb5,ffffff7f3f1f1f8f
dataset/cardboard/cardboard314.jpg,cardboard,test,file:dataset/cardboard/cardboard314.jpg,348d553c251eecfc62b7068976deeea134c4b0f1650a736cc64b8b6e54fbdbc7,ffffffffffefef6f
dataset/cardboard/cardboard322.jpg,cardboard,test,file:dataset/cardboard/cardboard322.jpg,d3883ce118f2e6e671abe8bedb60624b33268aada4745ca60b91b1d3731e571e,f7f7f9f5e8f8f8f9
dataset/cardboard/cardboard325.jpg,cardboard,test,file:dataset/cardboard/cardboard325.jpg,ffbdf7c4ccb857bc8eb6f1626a8c761b47d3471caea41f73f95637a6a1173685,fefefeececfcfefe
dataset/cardboard/cardboard338.jpg,cardboard,test,file:dataset/cardboard/cardboard338.jpg,8170427a6cfad81f832c9492b919dbc4400c808fbd5d077a00ff40dffedf2d87,fffffffffffcf732
dataset/cardboard/cardboard345.jpg,cardboard,test,file:dataset/cardboard/cardboard345.jpg,98d4483687580535d6e1621c6a11d69caadca915dae1ff3b7bdd5ac231d2d46f,7a3b3b8f8c0c0d0d
dataset/cardboard/cardboard346.jpg,cardboard,test,file:dataset/cardboard/cardboard346.jpg,3324e4a5a61aa8fc1a7764e1131ab92968f10a5ff02aeb29e5ef4513fbd55ebc,ffffffededffffff
dataset/cardboard/cardboard349.jpg,cardboard,test,file:dataset/cardboard/cardboard349.jpg,163aa7dcc4a05bbab15c462392b9806b5a064ab1c606ea103c96262f044658ce,0f0f0f1f07079713
dataset/cardboard/cardboard353.jpg,cardboard,test,file:dataset/cardboard/cardboard353.jpg,9bb88f6c16fd5944403a0e9da568e1908301422d5908b2b4af99cf50db12c504,ff7ffcfc7e7efefe
dataset/cardboard/cardboard356.jpg,cardboard,test,file:dataset/cardboard/cardboard356.jpg,38014677d0ca639b0c8a5ec235b9f7b7987cc95a77764c7dbcd5955f936b5f3e,fc9c98f8f170781e
dataset/cardboard/cardboard358.jpg,cardboard,test,file:dataset/cardboard/cardboard358.jpg,382b0693c5d560a52b8632547013392b9dcc18cdf0b84c9fe7035073497b854c,d7f7dfdfdfdfff1f
dataset/cardboard/cardboard366.jpg,cardboard,test,file:dataset/cardboard/cardboard366.jpg,f76ca7d8c9085167729d8750e4f5da52ecd6d2d16de680600198d7206f8049b0,dff6f7e1e1f2b2ec
dataset/cardboard/cardboard367.jpg,cardboard,test,file:dataset/cardboard/cardboard367.jpg,0c2f1933daca344522a87b444d5cac5ef2bed44da2c1d5276e21432aa2c7eae7,9f1f1f3f3f3f3f3f
dataset/cardboard/cardboard373.jpg,cardboard,test,file:dataset/cardboard/cardboard373.jpg,f7a11cb5fe406a56c10d0e0c03834dceaa81b287666eec2b5e22ca1748db8ea8,1d3c393dbf4b9919
dataset/cardboard/cardboard378.jpg,cardboard,test,file:dataset/cardboard/cardboard378.jpg,9ffa79ab146150ebf71455264c24b666a5d524301d55a2cba766d2fa71b8c476,fe787c7c785c1c1d
dataset/cardboard/cardboard391.jpg,cardboard,test,file:dataset/cardboard/cardboard391.jpg,1378754e2ca5c4a0b7db35f370dcc2e5a10ed5e0480b6f6f9b0ac8c788641e87,fbfbbf9fcfcfafff
dataset/cardboard/cardboard398.jpg,cardboard,test,file:dataset/cardboard/cardboard398.jpg,6af4835c742a0137982a6c33b705d0c75ffac42d5e9d11d2debc439e2c3b2a58,68fedfde9f9f1747
dataset/cardboard/cardboard399.jpg,cardboard,test,file:dataset/cardboard/cardboard399.jpg,60495c8bc2534d43ebd44b7f4e534cc7f4c2408ced3dba5b0415e5b79cb4b007,6fefedefff7c5f1f
dataset/cardboard/cardboard403.jpg,cardboard,test,file:dataset/cardboard/cardboard403.jpg,d9fb7bd8d7022f02394fe714ad0f99da54057835c1c0a22ce80953c776f1d342,3fc9c9ffffff7fff
dataset/cardboard/cardboard42.jpg,cardboard,test,file:dataset/cardboard/cardboard42.jpg,a1eba714981782a0b9e1543fa7fe9ae42deedc294d1c9d8f8d494fcd95b1ebfe,0dcddddd7c7cfcfc
dataset/cardboard/cardboard47.jpg,cardboard,test,file:dataset/cardboard/cardboard47.jpg,8ceb045c85ac2941ef70218acd1b0dc00024f84651973e0cc842cf992f03a49f,2469193c3c3c43c3
dataset/cardboard/cardboard48.jpg,cardboard,test,file:dataset/cardboard/cardboard48.jpg,4c3e9ba3a79aedda1f6346fb8f7ff400e9fbc2c35af71d081bc0d7a86ac55c54,e3673e1e1f3f6f6f
dataset/cardboard/cardboard71.jpg,cardboard,test,file:dataset/cardboard/cardboard71.jpg,da5c633ef062700959779e2480f0bf45cd529517ba984bdf85e4e28bb1a39359,ceceacaeffbfbe7e
dataset/cardboard/cardboard81.jpg,cardboard,test,file:dataset/cardboard/cardboard81.jpg,4c77715d60b246e29ec1d99d42c8fc18cdd377cf2826136125eb4aa82eab32cb,0c0c0c0c0c085858
dataset/cardboard/cardboard86.jpg,cardboard,test,file:dataset/cardboard/cardboard86.jpg,0c0f13539196d62fd91ddf05ace7a2d4d980dbc3800cb532e97f9e75362f3f8b,f9f9f8f8f8f87932
dataset/cardboard/cardboard91.jpg,cardboard,test,file:dataset/cardboard/cardboard91.jpg,d856fd4588ce3e9b629c6791fa95b6e4d6d8bd6747b79bb83101011284a60268,8f8f87c7e7711c8f
dataset/cardboard/cardboard97.jpg,cardboard,test,file:dataset/cardboard/cardboard97.jpg,e2bc1139aa20c14f63efd11f3afca2a59c25da2f1944bc166d5d4b045c20f024,5d597d1d1f0f1f0f
dataset/cardboard_box/dl_00000_03168e5a.jpg,cardboard,test,download-source:cardboard:03168e5a,09b9d90176a11c38dd5ea086823d9ecdd256bfc498014c293a1cac8aa610034f,00b0f4e0f0c0e0e0
dataset/cardboard_box/dl_00000_0b9d5f20.jpg,cardboard,test,download-source:cardboard:0b9d5f20,4e71b77219af276964cc83784e1d156e1608d0e6d669a0ed42eec08a7623ccc6,8fafa78be5e6f2d2
dataset/cardboard_box/dl_00000_2a71b225.jpg,cardboard,test,download-source:cardboard:2a71b225,6cb38f504af4bdb32728857a92bab0fb3297e621bb3b50b154cdb3a44e46ad20,1f1f1f3f3f373f1f
dataset/cardboard_box/dl_00000_38361873.jpg,cardboard,test,download-source:cardboard:38361873,9aa9297f353d893a260ad9f9ad78c72c767d52ef25afacb43106dceea4566d27,a62624228203575d
dataset/cardboard_box/dl_00000_604f5575.jpg,cardboard,test,download-source:cardboard:604f5575,04f7b0215ab2d9b075de5d4a5d08a5cfe31a21a66af89742d998e0a3827ea24c,0e3e3b3b1f1e3e22
dataset/cardboard_box/dl_00000_7528412b.jpg,cardboard,test,download-source:cardboard:7528412b,f46c746cdfcd46d1dc5997cbcc058ce494c04641bbfe3dc4b3e927fd7041e1b3,e7efebc78a4bc787
dataset/cardboard_box/dl_00000_7707c5dd.jpg,cardboard,test,download-source:cardboard:7707c5dd,06c8e07129627020a3697e266212c160ca07020136929810e21e615b69737328,fce86864646c4670
dataset/cardboard_box/dl_00000_7e051a7b.jpg,cardboard,test,download-source:cardboard:7e051a7b,56c9472c47e98508350602a1947a6e52afc84ea8c864f335f0bb608a7e838677,7171431d7d7f6767
dataset/cardboard_box/dl_00000_9d15fa2e.jpg,cardboard,test,download-source:cardboard:9d15fa2e,546c366a1c205339958d92829ec322bc252d67e9f5761233a07c5d964998aa44,94319ace8cbc3885
dataset/cardboard_box/dl_00000_9e2c1786.jpg,cardboard,test,download-source:cardboard:9e2c1786,b3aacc97d1514ef2554fbc673e2a38b299c038e400d97cff47c006c9b175499c,7fcf8f1f9eccedf8
dataset/cardboard_box/dl_00000_af80ab50.jpg,cardboard,test,download-source:cardboard:af80ab50,7bc26bbfa6da90ee52643fedf88d09bb51ff66a37d5d8bd2119240a3bccda46f,67737371cccceecc
dataset/cardboard_box/dl_00000_d3ef6b38.jpg,cardboard,test,download-source:cardboard:d3ef6b38,bc174f84345b31f08d68326abd77fe622d1b3385ec249b3758f00a78e711ef99,9ccc841f15130301
dataset/cardboard_box/dl_00000_e4c1a34b.jpg,cardboard,test,download-source:cardboard:e4c1a34b,973b3364d45f6042ebf8e829e935e01d84f646cd6d78c6902c1158098f524da5,357013273599f939
dataset/cardboard_box/dl_00000_ec285888.jpg,cardboard,test,download-source:cardboard:ec285888,dba20cfaca444ec978ace68c01bea10d33970f94818b96dad3ff2a037c0a0aa0,2743350da1f9f939
dataset/cardboard_box/dl_00000_f24dc6ab.jpg,cardboard,test,download-source:cardboard:f24dc6ab,18d4e4fcacc51c654bb3b84057e751c9dfea430ab268db0e31824436fbda7877,b1a080cad84c486a
dataset/paper_cup/dl_00000_01909db3.jpg,cardboard,test,download-source:cardboard:01909db3,c2974201098ed34a771f2d61b14ec9c23ea97a0206aa66df9f406789b1297bcf,6068eccce4b8e4d0
dataset/paper_cup/dl_00000_1829ee5f.jpg,cardboard,test,download-source:cardboard:1829ee5f,f7a26b053c99913fa86d64b249565fa29a3129125eea46c0b2b5434c89c1363c,e163e6643d9ffae4
dataset/paper_cup/dl_00000_1c2e096d.jpg,cardboard,test,download-source:cardboard:1c2e096d,c91bb41127b607929eab9f09da3e83a7b317122986bfdee10e5d2ec848853035,17171f191818191d
dataset/paper_cup/dl_00000_1cca2245.jpg,cardboard,test,download-source:cardboard:1cca2245,bc384c18889454ea9833c9d0e4f4d83616e780bd1963aefa914e994ed97eee34,999999f4a6f0f0e1
dataset/paper_cup/dl_00000_2781df05.jpg,cardboard,test,download-source:cardboard:2781df05,74bc9dbf3f03aa0bb0c5c7baa3487474e3da4a517a05ea28c40cdff6792fc46a,0f2f070786c66430
dataset/paper_cup/dl_00000_374a64a4.jpg,cardboard,test,download-source:cardboard:374a64a4,1b3531b8898c14859bd7270f050b9e542d25238855c95f7a5e086955743ec85e,0707076321210103
dataset/paper_cup/dl_00000_4777e37e.jpg,cardboard,test,download-source:cardboard:4777e37e,cdc2ef04dabd55ec550c23ce64b7c3fb7147cc05aa7993579fa5954a3ffa8e25,9e911a6b6b73b1b0
dataset/paper_cup/dl_00000_4e27f4b7.jpg,cardboard,test,download-source:cardboard:4e27f4b7,20eb6bce8d0787060266e948b19d784bd22a3617dbff43d3511e4fb1c8eb8421,1b0f072351153717
dataset/paper_cup/dl_00000_505e2c14.jpg,cardboard,test,download-source:cardboard:505e2c14,d5822cbbc9155db8c7333fb07baef6693d4e0d324009f0f1d60abe2d00fe29f2,182c3cb8f80c8f05
dataset/paper_cup/dl_00000_524475fd.jpg,cardboard,test,download-source:cardboard:524475fd,d4a7efcd462d7255fc921723e26e0bfea2f3b9cfacae95262176b2316874ff56,1f133333070f0713
dataset/paper_cup/dl_00000_6571fb52.jpg,cardboard,test,download-source:cardboard:6571fb52,38bea193453ca807d366b805059340831586fc4f8025c3859398d7c54ed6db33,0f0707238307272d
dataset/paper_cup/dl_00000_85fbc0b9.jpg,cardboard,test,download-source:cardboard:85fbc0b9,2a49b137e76ccee2a07792a59b92996191b4db24f94f645d0231e5813cd523aa,7b1b1b26d8d8c0d8
dataset/paper_cup/dl_00000_8ed343ad.jpg,cardboard,test,download-source:cardboard:8ed343ad,bc8333c88db662b1d0f61c1bcbdd19168b67e433fd667470f1089096b867efd7,777713068343f0e2
dataset/paper_cup/dl_00000_9e178604.jpg,cardboard,test,download-source:cardboard:9e178604,5efddb2c75efc9052fec6b2cad3a6a8e50ab2a2056e694f0ef302dc41422c3cd,c28e9a088b0f0f2a
dataset/paper_cup/dl_00000_9e1e7063.jpg,cardboard,test,download-source:cardboard:9e1e7063,c522d61881b9700e929c739cf611de7bab2543d88b00b495d28eb1bb1fbe1122,575f1d9bdb4b3c0d
dataset/paper_cup/dl_00000_bbe28689.jpg,cardboard,test,download-source:cardboard:bbe28689,ca78d3d3169e41d197b68246ac6c75fa17b152c74434ef579635a5ab6dda2a36,878786667e753f80
dataset/paper_cup/dl_00000_cf5454bc.jpg,cardboard,test,download-source:cardboard:cf5454bc,fda2822ae23c1608f2c696feaf76246379ee87e1ccc516b8cf92c14a0078a935,1f2767676623a767
dataset/paper_cup/dl_00000_d47f87c4.jpg,cardboard,test,download-source:cardboard:d47f87c4,c5a2d9805afe64fb3ac6986f582a1f012ef82837cb89e8bf9b410a15161bcf8e,c3c34313d3910501
dataset/paper_cup/dl_00000_d497c61f.jpg,cardboard,test,download-source:cardboard:d497c61f,ddaa18915faa72aa4cbae4739ffe6daa2c2c3ffc638ab11c94c7406c2719a4fe,47c3c0c4e4e0f070
dataset/paper_cup/dl_00000_d98e2017.jpg,cardboard,test,download-source:cardboard:d98e2017,1f5042eb89f1dcc64bed87916c47d76b38f6db26eabdb718791b04b4f295763f,0c0e070f07050d4f
dataset/paper_cup/dl_00000_fc0895a0.jpg,cardboard,test,download-source:cardboard:fc0895a0,d6903fe777772c3f2a779f7a5787f4c5048c465b4afb8b384ef738f2ba33a7b4,10327070707078f0
dataset/leaf/000003.jpg,leaf,test,file:dataset/leaf/000003.jpg,67dc0f54f13b6dc5740b4dbd6ef3941f2ccd8e827a916ea0a2f268bb001990ec,92c80a9494141414
dataset/leaf/000005.jpg,leaf,test,file:dataset/leaf/000005.jpg,9a8892e48c078da4bc8fc0fe3a0267c55845b1004f1e8cd31cf3935acef86743,2ee7fe3c8ce8eaba
dataset/leaf/000012.jpg,leaf,test,file:dataset/leaf/000012.jpg,76c1aec2886c8b7b2223b4fec20c2a3ae98ba0ff5edd84a1a83bb6f161cf7bda,8e88882826667cc4
dataset/leaf/000013.jpg,leaf,test,file:dataset/leaf/000013.jpg,433cb606d222fea18e845b33c8211bd88e6e7c729a3af65f274b4e0dface71b2,b6e6e1f6b6ac0cc8
dataset/leaf/dl_00014_18e59ff7.jpg,leaf,test,download-source:leaf:18e59ff7,aa21ad315770035066e50613f76c9fd49eee45c44c2035abc08cce94ecdae95c,f0181d3c1f1cf9b9
dataset/leaf/dl_00014_296b4903.jpg,leaf,test,download-source:leaf:296b4903,4bf19f870ed71b893c4ee74c22f0bb6eb95819556a562052ae29bb595bd3cae7,fa9a323a3b393999
dataset/leaf/dl_00014_46b3f862.jpg,leaf,test,download-source:leaf:46b3f862,9ef16f5e94b2e13188a6b788ca81c5adef72332ffbaa6fa19e13c1fdd7c2b0c9,6fc51971f8e8c0d5
dataset/leaf/dl_00014_55581ecf.jpg,leaf,test,download-source:leaf:55581ecf,501aef3f1cf1ce8bdf5a9f0334fd0da2cbe758fb3222e562abd7dda937ded514,c9c9c8e8e8e86971
dataset/leaf/dl_00014_7bd0204b.jpg,leaf,test,download-source:leaf:7bd0204b,0cc5e62490bfd540204fdb3d5dd687af7cd835daf086b215a28df8ab1dd0665d,397cfeda9f3b3313
dataset/leaf/dl_00014_9c80edc2.jpg,leaf,test,download-source:leaf:9c80edc2,5d1ba215d0c8774cf1739aa11338b1329f6594c75ca70e4bfe70f924a68843c2,8e4b1311051e270b
dataset/leaf/dl_00014_b3ac10fc.jpg,leaf,test,download-source:leaf:b3ac10fc,8156f8469fdd375414d154de911ee0498720b0649341d9410c2e4fc6e52b53ee,4687070c281a1c18
dataset/leaf/dl_00014_ccc31937.jpg,leaf,test,download-source:leaf:ccc31937,78fc1debbcbaa1bab6347e5d7bc928e72fa90ca2debfb92f51d0eec4668c109f,0707070f4b332327
dataset/leaf/dl_00014_cf6c05dc.jpg,leaf,test,download-source:leaf:cf6c05dc,f1d487462011320ebe80ec8509f399a2022e2ca976e15968d895758d57b3d0f2,4707070e0e0f2b53
dataset/leaf/dl_00014_d0d9300c.jpg,leaf,test,download-source:leaf:d0d9300c,800fef44ca18969d39d9db4e29953c413f774567cb410d07c107001dcee0611e,30131d3f27030747
dataset/leaf/dl_00014_db0ced9a.jpg,leaf,test,download-source:leaf:db0ced9a,ededdc260488aa53437a73d4c15fca7aa460481de5bee7bc24f911a304aa8124,7c6cf96969687876
dataset/leaf/dl_00014_fa69b944.jpg,leaf,test,download-source:leaf:fa69b944,c64dec0867be83171f30fc12a725faba1cc5ff9afa3e354c66700d2517732d6d,e1812904d81e3c3e
dataset/leaf/dl_00107_1c311809.jpg,leaf,test,download-source:leaf:1c311809,2f4c53d55ee2b695958deae355deecff977cac2240ead0a5b3f9d5f73c9c22fa,eb62250d0d0e0602
dataset/leaf/dl_00107_79471a6b.jpg,leaf,test,download-source:leaf:79471a6b,f70d9228e7f12f55336c59f18154b4564edd66bfc29f694805a2a3d1cb7dda8c,cada4a4c01092929
dataset/leaf/dl_00107_87e67edf.jpg,leaf,test,download-source:leaf:87e67edf,a3d9e7cbfa0050fb8a0161a06e239064e7e19a3642b565b8827b7bac69c989ac,370b8b37b7232327
dataset/leaf/dl_00107_bfbf77f1.jpg,leaf,test,download-source:leaf:bfbf77f1,825447f3651352234f928334dbba45b1b7a59e6568e3d28eefed9009fb9bae96,0c0c0f878f861637
dataset/leaf/dl_00151_17633ce8.jpg,leaf,test,download-source:leaf:17633ce8,53d1102596e109db05db867192393d20be1f696c3889bbfe567fc75ea800da92,2363634e4e4f1b19
dataset/leaf/dl_00151_1901315c.jpg,leaf,test,download-source:leaf:1901315c,aed053d8e95d517af95549ad4a400eba97742e87abcbf67cd0ede08fe22decf6,4d098a161372b32f
dataset/leaf/dl_00151_614a5729.jpg,leaf,test,download-source:leaf:614a5729,b671c71285629cfe9999c1a644de5666f0568401226b23a8ce4c94f04aa6dbe6,d1c64662e3eb6e6f
dataset/leaf/dl_00151_c0f40b46.jpg,leaf,test,download-source:leaf:c0f40b46,f2af225c8b1ae97676a9d68d807a4a7c222c432623647c1dfd0d34ec3fa44134,9c1c34f4e4f0f0f0
dataset/leaf/dl_00151_c4ca6806.jpg,leaf,test,download-source:leaf:c4ca6806,2508cea70d1b7859c6944b91712501ea8897c7322508e98c6da6185f0665230c,ce5c7c2a8d11711d
dataset/newspaper/dl_00000_15ae2343.jpg,newspaper,test,download-source:newspaper:15ae2343,c1451adf28c97af78e2cfa0e88d0a937570d56181a782df2d8533cc80953a8d5,c8ba2d273f1f1ede
dataset/newspaper/dl_00000_21691d00.jpg,newspaper,test,download-source:newspaper:21691d00,9ca0b03bef5cc042bdcf994d6c214ddacbad5de94428f65180e0a9082a6a2701,4dd5363157929653
dataset/newspaper/dl_00000_25d14698.jpg,newspaper,test,download-source:newspaper:25d14698,eaa1e71d160ea0d6b4aab450030aa07a3d62f435b2c6c8935057b8a5d0a8ab7a,e0e4e566e5702f07
dataset/newspaper/dl_00000_28bca9b8.jpg,newspaper,test,download-source:newspaper:28bca9b8,7e22f77f8dbf091091a1c2e73e48f3dfe2c602c6c170169350879ac4df54954c,430f3f17c7a1bc1c
dataset/newspaper/dl_00000_2d982e74.jpg,newspaper,test,download-source:newspaper:2d982e74,5d9f60ce2d50e0c9684666db4f289f26faa9453a2b8c866fc59ec14414c823ec,b2b3eb1e8ce5e1f0
dataset/newspaper/dl_00000_3579472d.jpg,newspaper,test,download-source:newspaper:3579472d,f6111eb627a269c8a0dd1508d86f3f4810149fa533a9ad2b3c5db52e41187032,7f7e3e3c25e9b3bb
dataset/newspaper/dl_00000_36d4b19e.jpg,newspaper,test,download-source:newspaper:36d4b19e,6aeaff8da17d40ac7ef94f49d016af97450309e32b06d2e1da7544557ac75d5e,2000809013333b0e
dataset/newspaper/dl_00000_643983f2.jpg,newspaper,test,download-source:newspaper:643983f2,880e66788389ef5dfe6b45cb70df6d77d87a3bca85b7935de04e1e27c1184ef0,8e8d8ece8ccc603e
dataset/newspaper/dl_00000_69416d02.jpg,newspaper,test,download-source:newspaper:69416d02,2fa2f333f6239366945a5cd24b0866aa7c56059434ba2e984ca2828663375904,fcfcdfcc9cb98f83
dataset/newspaper/dl_00000_75d9a597.jpg,newspaper,test,download-source:newspaper:75d9a597,51696253f6d4bfa08a6a931f18f4f0e92531f67c8e36a54286d10e8a601e6365,f6e4353d34242606
dataset/newspaper/dl_00000_7b7827ba.jpg,newspaper,test,download-source:newspaper:7b7827ba,a78eb9dfacd3830b7925085cec9fc924f206e461093289bffdea4c23eb9740f4,377f7f6f1e1e1973
dataset/newspaper/dl_00000_82dd8596.jpg,newspaper,test,download-source:newspaper:82dd8596,557a06061706764a37ae2fe9897705d469e1a3b146136895b815737715cfbf2c,939a2a39bbbabbe3
dataset/newspaper/dl_00000_9099587a.jpg,newspaper,test,download-source:newspaper:9099587a,6689f38847ecd4eb1215801fb56f345d5abe3f7b470d2735ee5c1ebd20eefb71,0810110a0a2a3a3c
dataset/newspaper/dl_00000_9a0aa1af.jpg,newspaper,test,download-source:newspaper:9a0aa1af,c7cbb5930f00a2c39124cd947e47fcee67d707fbbc9dc8805da7c36674703e02,e76746040d274707
dataset/newspaper/dl_00000_b16e4f6e.jpg,newspaper,test,download-source:newspaper:b16e4f6e,3da8a8b4a821fadcab2ce056fd1e0de0d579df2d870195c769706c0bf46f7db1,0f070ff9f1e10707
dataset/newspaper/dl_00180_190c767b.jpg,newspaper,test,download-source:newspaper:190c767b,31845edc9b520a37986ae8ab862e034412b35db37480841fd84d28e3f560b468,c5d56431d3b25556
dataset/paper/paper1.jpg,newspaper,test,file:dataset/paper/paper1.jpg,25063c2320fd0fff4dc04317a7627418695c9970618a48073bb79cb3e542859c,1f3dfdfcdce04347
dataset/paper/paper101.jpg,newspaper,test,file:dataset/paper/paper101.jpg,1915e10d9a06d378d44b26f76b869e79734e45058d5f6551b6d0c88443a22cfe,e6e6cca4f074e8c3
dataset/paper/paper106.jpg,newspaper,test,file:dataset/paper/paper106.jpg,3a43c3ca2559710cb8710467f46af86d480a6afcfa7064c1b66231cf21331d11,ffc1c0c8d8f8780f
dataset/paper/paper12.jpg,newspaper,test,file:dataset/paper/paper12.jpg,94d1ee6fee5568abe21084c5229d6dc747feb060842340bdf437e7f163ec7815,f1c8cec6cedcfcf5
dataset/paper/paper128.jpg,newspaper,test,file:dataset/paper/paper128.jpg,85afe3c81506544f2e5961185dcdbd6adae491710db4eca3ab9280669a2cb0a8,0143c3c9cc86feff
dataset/paper/paper14.jpg,newspaper,test,file:dataset/paper/paper14.jpg,1d9a4c7dc1e7afc0c8eda2583df39ad606295a00c6a045b336b41bcddd086567,8f8f8fa10d397973
dataset/paper/paper146.jpg,newspaper,test,file:dataset/paper/paper146.jpg,68e1468232bcbdaea5e1617d25644f2676177c8577c29af896c2b9fdb417fed8,3f3fffffff7f5f1f
dataset/paper/paper163.jpg,newspaper,test,file:dataset/paper/paper163.jpg,547d4fee70b9de851a05cacd0fee5f1a0da83ebaf123ccd3a43365ee6bacdb3c,e4ac8c1c1c7c58f8
dataset/paper/paper176.jpg,newspaper,test,file:dataset/paper/paper176.jpg,7f157f485edbf1be1a757ba1f22cfb5cfa0b4613efd2bdc9576578161379c10c,ffe4e0e0e8ccc0df
dataset/paper/paper189.jpg,newspaper,test,file:dataset/paper/paper189.jpg,d93f7c96ae0c7af515d9c684b47fb7edae53cb35c72ffa26ca214fc87e990dd4,875330463e6c6cfc
dataset/paper/paper198.jpg,newspaper,test,file:dataset/paper/paper198.jpg,ac28c3d7ef747cb7f08388de9a74ca711f53b2cf7d2ba9348e7775a16734bdb3,e9d9d9dfdefedcdd
dataset/paper/paper2.jpg,newspaper,test,file:dataset/paper/paper2.jpg,5c246fd3fec667ee5c9ca8c7f50b86a78264674752d066d525642afb22bbeb5e,fffcdcdc7cec78f8
dataset/paper/paper20.jpg,newspaper,test,file:dataset/paper/paper20.jpg,af21e4fb3a8668ccf5a3426f676a05e78eeeb6314ff9c2cc2cde19e1354b8eba,e7f7d7b3b3b3939f
dataset/paper/paper203.jpg,newspaper,test,file:dataset/paper/paper203.jpg,a9f5691e645a1d36673c7b390557f391c7ea4ddda2a12ed6932974fd205327ea,3f3f3f7f6f6f5f3f
dataset/paper/paper207.jpg,newspaper,test,file:dataset/paper/paper207.jpg,e943a0022479a2ebc65e0c288fcdfc4cf1ea811ec69731becb49608eb01ba3c6,a3e1f1f1c4c3c1c0
dataset/paper/paper210.jpg,newspaper,test,file:dataset/paper/paper210.jpg,ed89314fe3902a917ca66fe0188bf80b7056394527b435679e727f51c79cafd1,c7f1fcfcfcfcffff
dataset/paper/paper211.jpg,newspaper,test,file:dataset/paper/paper211.jpg,a594f043637e0224639690b483b8201d2c4e62b664d69a441690fa90c1588642,f0e12323999396f6
dataset/paper/paper212.jpg,newspaper,test,file:dataset/paper/paper212.jpg,bb5a06e8ba6e8643563ff9cce292ce0b957bc5a7fec50629439e062fafc99193,ffffdfdedefdfc4d
dataset/paper/paper217.jpg,newspaper,test,file:dataset/paper/paper217.jpg,6aaeb6a4d2cde578780778e601db7672976b48e31ba0de80fc927ca20ab5184d,f0b0b084c4f07064
dataset/paper/paper219.jpg,newspaper,test,file:dataset/paper/paper219.jpg,0097b8f965f69b557da82846482508e27a2b7c12f56bd3bdaaa43f69ee5c22fb,ffd7f77959cbffff
dataset/paper/paper220.jpg,newspaper,test,file:dataset/paper/paper220.jpg,4a270d6f2722cf14405c49a1747ed23e81c9104119836c49de66c62b65773504,0f3f7f7f6f7f3f3f
dataset/paper/paper226.jpg,newspaper,test,file:dataset/paper/paper226.jpg,ee07fc315592bd8a3ae9fd02da7604eb8e645b54baf155565be394454eac1997,3f7f6b737bfb7f5f
dataset/paper/paper229.jpg,newspaper,test,file:dataset/paper/paper229.jpg,49a03ac7988c3bbc92642471e484991c9b461787945887a58491f920c8a6a958,fff2defcbcbccce6
dataset/paper/paper234.jpg,newspaper,test,file:dataset/paper/paper234.jpg,bf02296c63a503e58af7017f567fa6d49e9575a707baef0c306d02eb32723b40,f76379fdfdf9fb7f
dataset/paper/paper236.jpg,newspaper,test,file:dataset/paper/paper236.jpg,90f778e6251c1b6a876a0fd17a958ca8e8d95b68cfb42102864e352594be9025,1c4c6d3c0c1bb9b9
dataset/paper/paper248.jpg,newspaper,test,file:dataset/paper/paper248.jpg,04290269968b9c9713d5c0fa1fb026529d365c90a2cf268089b048b8262470e6,d9b0b4bceae8c9df
dataset/paper/paper250.jpg,newspaper,test,file:dataset/paper/paper250.jpg,957182c48f6ddd0c4370f8b35536b8b5de151aebd75ef9dcb969d694442b2496,fd78fcfcdcc5e7c7
dataset/paper/paper264.jpg,newspaper,test,file:dataset/paper/paper264.jpg,bdf1589b0d7358a56f189bf52ed13e19aebccc40e0cd3b4917b6877cafbcf7e0,e1e1e0f0f8f90f1f
dataset/paper/paper266.jpg,newspaper,test,file:dataset/paper/paper266.jpg,7486b77585a1d94ca09973a5434e31ab52a98bfb4c73b0a101f19169f18f35f6,644c48c8d838c8f0
dataset/paper/paper272.jpg,newspaper,test,file:dataset/paper/paper272.jpg,21d49892bad71dd6d10216d8afdeb8ec8fb18f969ba5eca49673dab08ba2759e,3f9fcfffffff3f7f
dataset/paper/paper273.jpg,newspaper,test,file:dataset/paper/paper273.jpg,388f298b78c8e58e0b3bbc5a4b570a6ef981cd8b5cf994aaa774c75d3076107d,0f3767e7e7677737
dataset/paper/paper277.jpg,newspaper,test,file:dataset/paper/paper277.jpg,dfaae0e9d165ae8ae4f0c3d033dddf8fecd070d377c21e590be8b1d33d7cf04d,ffffffffffffff3f
dataset/paper/paper281.jpg,newspaper,test,file:dataset/paper/paper281.jpg,204aec08ea3e72d57d09f1f25b692c23ca2be48268914d5aa8dc5264ccd0c54d,f7dbebefedf5f6ff
dataset/paper/paper282.jpg,newspaper,test,file:dataset/paper/paper282.jpg,25162460e1c82fbc04724477c03da515d8f138719fbdb6efe42bf6a73e95d396,fffffaf2fafaf8f9
dataset/paper/paper291.jpg,newspaper,test,file:dataset/paper/paper291.jpg,4047ea7e2f5dbfb3bef5606d105483ebc5e87ad824b83f61628d8a1d2c044829,7373dcd7c5c9fb79
dataset/paper/paper292.jpg,newspaper,test,file:dataset/paper/paper292.jpg,4e2290bd00767aa7b69fabb6f3f17806414dfa0ade8d9238315f8ad07ef95231,c3f1d6d4c9c9c9ef
dataset/paper/paper31.jpg,newspaper,test,file:dataset/paper/paper31.jpg,9cb0f0a8b09d20626752b88d2f1d30e13ff4012b2052639b07350d04f28d023c,6674ec8cccf8789b
dataset/paper/paper312.jpg,newspaper,test,file:dataset/paper/paper312.jpg,0c31ace71078d7fd3f7b527b20e8785e8eee71089956ef01deda3849119cfe2f,e4e9c8daf6dadccc
dataset/paper/paper325.jpg,newspaper,test,file:dataset/paper/paper325.jpg,29427083290aacb32621496450610f915e0eee1fa2b492557075e082fb963eeb,3fcfefefefcf5f3f
dataset/paper/paper327.jpg,newspaper,test,file:dataset/paper/paper327.jpg,ba28099671de6183eedb10b2d87cac9074bc79d58b6634280e8ed0881289a26b,3fe3cbdfdfdfef7f
dataset/paper/paper330.jpg,newspaper,test,file:dataset/paper/paper330.jpg,e588a3746fec659b2a5a3e4d9e4a4a7b9d052dcc302ec83fba701df1229a9271,e1f9cbdadcecf3ff
dataset/paper/paper337.jpg,newspaper,test,file:dataset/paper/paper337.jpg,9987b83d3f0ca6d8bf0ada4d64d1d648f05311d4506151d3adde4f86cee68dd9,ffff9fc0fcdcf8fd
dataset/paper/paper344.jpg,newspaper,test,file:dataset/paper/paper344.jpg,8ca08dad62783cf2514e949b92800e7dd56eb8955b833103eebbb342c2483633,e0c0c0e0d7c2d2d3
dataset/paper/paper352.jpg,newspaper,test,file:dataset/paper/paper352.jpg,645be3c6a79690af201e2d7a959038834d807fc7c69fd129aeee36093c799be3,fdddfdfdfdfdd9f9
dataset/paper/paper364.jpg,newspaper,test,file:dataset/paper/paper364.jpg,aac6c82882e77dd83779c02adb71dfac25c28b4e9a67e17c0914d0fa913bc12e,ecedf5d7e7cdcdc1
dataset/paper/paper366.jpg,newspaper,test,file:dataset/paper/paper366.jpg,ea850c4b381a54d360db35fb5ad3bb002e3dffa2db7fe516f03c65d2a77e7121,ffbffffdfd7d7fff
dataset/paper/paper368.jpg,newspaper,test,file:dataset/paper/paper368.jpg,499c6b549dae2ff71971d0a23c002e2834f7966510ca3195237fbb2b8ed8dd7f,7f7f7fff7f7b7b7f
dataset/paper/paper370.jpg,newspaper,test,file:dataset/paper/paper370.jpg,df9d803e2cfc2f74eb2d5dc579f898562e31158744cf68e4e9f4f53c6b3ccf1d,bfffdff9d93d3f3f
dataset/paper/paper372.jpg,newspaper,test,file:dataset/paper/paper372.jpg,53556859388321d238be04d22ee85639060a8426aac9e5bca2721aedf5bf722a,fcfcfaeaa2c1c79f
dataset/paper/paper394.jpg,newspaper,test,file:dataset/paper/paper394.jpg,4393828d8f152f58a4e753b66a60a9207b1e0dc5cc151932625b58c3b76ad578,7f63f9f9f9cd7d7f
dataset/paper/paper398.jpg,newspaper,test,file:dataset/paper/paper398.jpg,a244d24c0985d2cdcfde901d92279433871c00a9c6748efad3548106b1c94d24,676f1b7b5f4f1f0f
dataset/paper/paper399.jpg,newspaper,test,file:dataset/paper/paper399.jpg,6c15c94952ed7b3d68d37ac959b7eb79af921100649f312d6779f78c131b4600,f3e1f5f9f8d0e3e7
dataset/paper/paper410.jpg,newspaper,test,file:dataset/paper/paper410.jpg,ef7dcc0dff5fe504bb98a46c5f1bc2bcbdf7b98227d5d045501a4fcbdf6f30b8,e7e5e564e0e0a064
dataset/paper/paper412.jpg,newspaper,test,file:dataset/paper/paper412.jpg,8303e24006a890886c240fdebafd2367bb155876400f431869ce3ed485978c92,e1b9b1a9599bbbbf
dataset/paper/paper414.jpg,newspaper,test,file:dataset/paper/paper414.jpg,b138992a593c8edd743db9d00f837e6297afff3796314d1429069fbb51bafc87,ffff7f7ffefffff6
dataset/paper/paper417.jpg,newspaper,test,file:dataset/paper/paper417.jpg,eb9b410c41457573184918db22e03bc35b9d03b28cdd7c563aadac1f4b88bec8,071f5b7b73736723
dataset/paper/paper43.jpg,newspaper,test,file:dataset/paper/paper43.jpg,dab73df4daa8ad0d4b5e8b8225c6c9e148746690a83c8e1ef36a3a3524297130,e0e1dede9fdbe3c3
dataset/paper/paper439.jpg,newspaper,test,file:dataset/paper/paper439.jpg,ef1da15838f4bd1a3fb454480bb6cba871ad5f56f8d869ca57f8d1c56e528607,736179c9cbe3e2e7
dataset/paper/paper445.jpg,newspaper,test,file:dataset/paper/paper445.jpg,d7bd28ad16f0c2f6cca6d0f884545ee188c4be28b214c70236c573dc9a7e3070,d7f3b3dbd978686b
dataset/paper/paper453.jpg,newspaper,test,file:dataset/paper/paper453.jpg,1334821287382e98480ed9ac66becaa31cc8046b01806abaa9e37e3673ad2f40,1f3f3f3ebfb3b7bf
dataset/paper/paper454.jpg,newspaper,test,file:dataset/paper/paper454.jpg,ef87cd52f8afff4994e9a4f3caa333cca6c32ca5bb3cbdb441da87a062015baa,b7e7e3e3f9f8f8f8
dataset/paper/paper474.jpg,newspaper,test,file:dataset/paper/paper474.jpg,b25471c824a5539c5168ea97eb25bf652ab63e9bc1a930c96670c20a4d68fc70,fffd98c4cca8a8c8
dataset/paper/paper49.jpg,newspaper,test,file:dataset/paper/paper49.jpg,7ec43fc936a809ca74cb55daabd0097236017cb4f205de16befb96dda33e779c,c7cbd948dcf6f4e1
dataset/paper/paper491.jpg,newspaper,test,file:dataset/paper/paper491.jpg,1f25675ede26acd44a7d1ea9a683c72e0bce39cf33860f5c6dac475d76ff0b4d,6f617dfffffbf3f3
dataset/paper/paper496.jpg,newspaper,test,file:dataset/paper/paper496.jpg,ea0e35589e6c56a3ede6489df7eba026abc77745e75c92224e1f18e58891cbcd,f2a3e1b3ca17cbca
dataset/paper/paper504.jpg,newspaper,test,file:dataset/paper/paper504.jpg,a29f26705f053e3cbcb729c05e56f63543a3aa37dffa5b125419ed357d6dade3,601c0f0bc6e4f4b6
dataset/paper/paper506.jpg,newspaper,test,file:dataset/paper/paper506.jpg,993d5f73ac457e4b6200dc35c3934bde626cc9e29a396cc6ad4b275b135886b7,d97975cfcbc7cfdf
dataset/paper/paper508.jpg,newspaper,test,file:dataset/paper/paper508.jpg,c2a71d79ff42ff3c431a14c96d7b4e5e82f526840c85b396703408dee0e4a56d,6d7bdf9f87f3f1f8
dataset/paper/paper512.jpg,newspaper,test,file:dataset/paper/paper512.jpg,8389eea3660c3bfcf6dac97bb4a4c0f39d2d1157a6c3d2769cf6f3bf3dd0e8f9,f0bdf9e9f9f8e8ed
dataset/paper/paper52.jpg,newspaper,test,file:dataset/paper/paper52.jpg,be7a5c7898c15c3ab2aa33e38c9dcaa5636589830f4d4ce8d334881aa7b1e073,ff3f7f7f7f1f1f3f
dataset/paper/paper521.jpg,newspaper,test,file:dataset/paper/paper521.jpg,4f512939aa5ccda50ab7bdf636c01bf13e54dd33816adf911419e5378691220e,3fcf671d7f3f3f3f
dataset/paper/paper522.jpg,newspaper,test,file:dataset/paper/paper522.jpg,e958ecbe96178e040c671a8b0bf8121fac4049312baad3f953654138af775e02,fefcfcd0e9f1f3f3
dataset/paper/paper524.jpg,newspaper,test,file:dataset/paper/paper524.jpg,3028470d0eee7c5c2030e78b086fa6c656467788ce7953867ae728262e197f50,bf737b7838591da4
dataset/paper/paper540.jpg,newspaper,test,file:dataset/paper/paper540.jpg,c3a2a284f11776a37db8b0d354f6c2aea9d46b9439709f4a79aeecaf577cb8a8,000a5a7666c68ec6
dataset/paper/paper543.jpg,newspaper,test,file:dataset/paper/paper543.jpg,761132411c4fcc4426c0684deb30fc990dfd798434b5be909d00f4212fda2cbb,ffffffefe7c3fc1f
dataset/paper/paper545.jpg,newspaper,test,file:dataset/paper/paper545.jpg,84f3c2cda395f5ceb202f4289bc1aad7354db5351d3a136d1afcb50aa4f403a7,7f6767dfdfdfffff
dataset/paper/paper566.jpg,newspaper,test,file:dataset/paper/paper566.jpg,c83d77940c7a0d595299b3d465596527e59378723f60a737bd3eeebb1fd32829,f3d1606caef4c7ff
dataset/paper/paper567.jpg,newspaper,test,file:dataset/paper/paper567.jpg,c8d3a7748ce6fefced94ffabf8d155b9cbb513856402cde0947f075579570e57,3f3f7f7f7f7f3f3f
dataset/paper/paper584.jpg,newspaper,test,file:dataset/paper/paper584.jpg,3aafd94b9ef477f76fa3d6d86224b44680363abd0ebbb7af3a99930876290c3c,bf796b7b6b7971ff
dataset/paper/paper586.jpg,newspaper,test,file:dataset/paper/paper586.jpg,2105d5c225846bb12c844ce82e7b2ecb3e8c7d73c37dce1c5f8e623528e486ad,c7c1c8d898f1f9f9
dataset/paper/paper589.jpg,newspaper,test,file:dataset/paper/paper589.jpg,36e9d6b35ec278b7a3c049bca5498f48796d2afd4fea3cc27451d29e857e4a33,7ffffdbde4e56f5f
dataset/paper/paper59.jpg,newspaper,test,file:dataset/paper/paper59.jpg,868bba7189276887f4f84a656cdfcd0f0934cb0a0308e8eba7806f37e7317e66,f1e1e9eda9b2f5b3
dataset/paper/paper592.jpg,newspaper,test,file:dataset/paper/paper592.jpg,6de94a8ae9fcd8d62d4870bfa9369bcf4a9517e50de9f12f818c903c4b054c0c,0fc9c8dc5c7cec3c
dataset/paper/paper68.jpg,newspaper,test,file:dataset/paper/paper68.jpg,6fc4f8109ca48036e6bca958b629c3e35c6484e3403b0b6410be3814d0b13395,c19110c4c6faf487
dataset/paper/paper78.jpg,newspaper,test,file:dataset/paper/paper78.jpg,bf7bc79ea0ceb7a689287b4cb2bbe366967affa7b22ded12dca31ed638a64adc,3f3f1f1f5fefcf77
dataset/paper/paper82.jpg,newspaper,test,file:dataset/paper/paper82.jpg,d6634f6f19033597aa8bf6409e7f63cc3bf7ee807dd5bcd4d1cd1201ede72683,4c60723199995938
dataset/paper/paper87.jpg,newspaper,test,file:dataset/paper/paper87.jpg,424e4b99c87b9a0bcde31b5835fb39f6428223508d1b3ed971d4d688b2d6aceb,f9f8fd7f7f7f7fbf
dataset/paper/paper88.jpg,newspaper,test,file:dataset/paper/paper88.jpg,0f50acbfb49029b1b650b57ea8a7d8564ec544d9c9f5d541892f9f04d217070e,fcb8bcb8b8f8f1f3
dataset/paper/paper96.jpg,newspaper,test,file:dataset/paper/paper96.jpg,f310fda98ea28062df72f8ff060e63f6ab4ae0496da18a32b01ee9110cb4d848,fffdfdfdece1633f
dataset/candy_wrapper/dl_00000_1240042e.jpg,plastic_bag,test,download-source:plastic_bag:1240042e,13abdb542edfabe4833b902f39a3ad89c01c9cf11ef092184a25b1598d17bb79,e8e0ccdce4ecd0d0
dataset/candy_wrapper/dl_00000_3adf4b1f.jpg,plastic_bag,test,download-source:plastic_bag:3adf4b1f,88087d9bcee7b3a2d59ef80e4eb88ebdbce1214139a413b8e047ee1192cb1a83,2a4e86070d1d0592
dataset/candy_wrapper/dl_00000_449d30e2.jpg,plastic_bag,test,download-source:plastic_bag:449d30e2,536ecb91492e1428f4bd05f6d48fcf66c919913299e1bf701e250d8bc84f22e2,a821212101058598
dataset/candy_wrapper/dl_00000_500726a4.jpg,plastic_bag,test,download-source:plastic_bag:500726a4,34eeda27df6410f914dd2aeb755f7ca77dc6b9145801c7b1ff9b96bce131cc9b,1f0b21a1330d8419
dataset/candy_wrapper/dl_00000_515e1ab1.jpg,plastic_bag,test,download-source:plastic_bag:515e1ab1,b055c9638928c5bf396aceb16d462efd9962aff184c4f5f61b2cf86c5af6a0f6,6f73c18f8b0f17cc
dataset/candy_wrapper/dl_00000_57735c80.jpg,plastic_bag,test,download-source:plastic_bag:57735c80,fdd8f95c2d89f63061d0c47a1c24b61f656341d2d8c80b07ff763a54402a18b6,3b19992732503431
dataset/candy_wrapper/dl_00000_5bed4b87.jpg,plastic_bag,test,download-source:plastic_bag:5bed4b87,fb37c955828d5de17cb39fe388ed6734f013206f7f1365829f014568bb40fa51,c0c0d0d0d2d0c8e0
dataset/candy_wrapper/dl_00000_7e4cd90c.jpg,plastic_bag,test,download-source:plastic_bag:7e4cd90c,dc75b2af7139ad8d608ca558754dc8b3dde22225fdbeabbb65f9688ab3a143ae,2bababab8babbf87
dataset/candy_wrapper/dl_00000_892416ce.jpg,plastic_bag,test,download-source:plastic_bag:892416ce,092924fb579bfe01c878c65e534556f5d3677d11892aa6268dc9e0fbf9d1edc7,ac2da9ada5226aeb
dataset/candy_wrapper/dl_00000_9474ba63.jpg,plastic_bag,test,download-source:plastic_bag:9474ba63,fc035d6bf5f196c301d162957cba31e957404f053d17c64a8d57e72b4a8abfcc,a6b232f0fab69692
dataset/candy_wrapper/dl_00000_96013d4a.jpg,plastic_bag,test,download-source:plastic_bag:96013d4a,d6b92c247db08bac0af7b3de0bf43caf9cfa53f24841ade1c4438b6f3cc56913,f0f031bb3e3f7940
dataset/candy_wrapper/dl_00000_98fb12b4.jpg,plastic_bag,test,download-source:plastic_bag:98fb12b4,f354f5d71d287f1c42edd7bbf358df5084cc2731be1c052af3c33dec15c7b61f,c6c2d292f2e8d0d4
dataset/candy_wrapper/dl_00000_acfb0f96.jpg,plastic_bag,test,download-source:plastic_bag:acfb0f96,1fa5ba18fbc0d03afc1c2bdbff48dbfbab58b4facad27b08897eb9e557482d44,070f1f3f0c0f0f07
dataset/candy_wrapper/dl_00000_bbbfdad8.jpg,plastic_bag,test,download-source:plastic_bag:bbbfdad8,15db54ab56fed6d3bbf05b0a590ae3a6d074fde22ead5a4661883b2c5db70a9c,e3e7ef6a5563efee
dataset/candy_wrapper/dl_00000_bbc4266d.jpg,plastic_bag,test,download-source:plastic_bag:bbc4266d,8b2bcf1cfeddac81dc2f7184c7d2997268f3646071fa45403da29a4aa7682238,03c2721a592f0f4f
dataset/candy_wrapper/dl_00000_bd42102f.jpg,plastic_bag,test,download-source:plastic_bag:bd42102f,c82425b9f7c595eb6f05e50f6816bc39e58a84cf3a6130cec9a5766713645a6b,1f1e1f9f1f0f1f0f
dataset/candy_wrapper/dl_00000_d46fab8c.jpg,plastic_bag,test,download-source:plastic_bag:d46fab8c,40e0c5bc6b36a285eef74c962f7ee5290d119eb48f60934baddc9df6b480d1c9,8485898d05050b85
dataset/candy_wrapper/dl_00000_da1ed339.jpg,plastic_bag,test,download-source:plastic_bag:da1ed339,124bd4bcd507be463ba7e0c83f3c7acd8aa9dbdd998ad304e0a53381c3795024,e1ece8e88104818f
dataset/candy_wrapper/dl_00000_dd9937ff.jpg,plastic_bag,test,download-source:plastic_bag:dd9937ff,85cb0b787c3c8064fce07b8c78a39a4fd59df1aedf30ae9253f6fb3160091f34,260f0f0e871b0f07
dataset/candy_wrapper/dl_00000_e496252a.jpg,plastic_bag,test,download-source:plastic_bag:e496252a,02efda255b1ed89a9b44fb16c7de1e695f3ec4227f73e09ce9260f11680a424e,1d199b860f3d1d9f
dataset/plastic_bag/dl_00000_054e3949.jpg,plastic_bag,test,download-source:plastic_bag:054e3949,75d3249a95d74214d18b483070888024c9c4eb2c775efff04f56e7c60976aca5,495131386c6d4c1b
dataset/plastic_bag/dl_00000_276ff7a5.jpg,plastic_bag,test,download-source:plastic_bag:276ff7a5,f57b12c67f284108de0d92e1ec1d2eddfd7f1ff0f5d1db80db0b4db7221f1d49,b3b9a9a9acb8b0b2
dataset/plastic_bag/dl_00000_2dadd9d4.jpg,plastic_bag,test,download-source:plastic_bag:2dadd9d4,3f74e7bc87803d4ba50a5f3160c3eae13591427ee65a7160d9a4ceed731a52f9,163733372f330b13
dataset/plastic_bag/dl_00000_5ac44d95.jpg,plastic_bag,test,download-source:plastic_bag:5ac44d95,abf0a1a7d9e7ef91e72cdc75b8de571348be690a63fdabad111bc9e4307660f6,2ae0f0d4acba54e8
dataset/plastic_bag/dl_00000_693d21fe.jpg,plastic_bag,test,download-source:plastic_bag:693d21fe,7474988ceffe6e0e3868fb5aa50a0c9a4badbc634c2af41f52583e31a9af419c,e2c261e0202030d1
dataset/plastic_bag/dl_00000_767b7539.jpg,plastic_bag,test,download-source:plastic_bag:767b7539,99721bd84718a49977403343df39153ac62cbce58e429b9a4c6f8b215808344c,093173e8c4e0f103
dataset/plastic_bag/dl_00000_91012d76.jpg,plastic_bag,test,download-source:plastic_bag:91012d76,d2764dbbb8149ab5e57f18b4927dad87e9dd5613be5808222b53523fcab4949f,4dececce968e4617
dataset/plastic_bag/dl_00000_9f024b51.jpg,plastic_bag,test,download-source:plastic_bag:9f024b51,98cb4aeb1782d79e96e52dfd49e6d56a68d1f6632aef6eaffac84ae29013ec63,0420262696b6a6ac
dataset/plastic_bag/dl_00000_ab4ff34b.jpg,plastic_bag,test,download-source:plastic_bag:ab4ff34b,d019998b7724d564df1a61dc1c7cb0f1f8c4415aae66fabe94f72ccfccf81f6a,3160615964233170
dataset/plastic_bag/dl_00000_acceed60.jpg,plastic_bag,test,download-source:plastic_bag:acceed60,0eb930906880791fa8b8956e5bc0f6d586545862deb76dee331144d58670bfd0,31b366b43333332b
dataset/plastic_bag/dl_00000_b51950a0.jpg,plastic_bag,test,download-source:plastic_bag:b51950a0,a53a5ea1ae0af89c4fcaa6057aa9206c3b72825f1c15852247a3cd34c7d2a48c,0f0f330f4ffd0101
dataset/plastic_bag/dl_00000_c651d4e1.jpg,plastic_bag,test,download-source:plastic_bag:c651d4e1,72aa0a796a6233af75e3b3e4bec0d78613305778c17f7d7a0b66c88d138d52fb,3371e88c8e8ec870
dataset/plastic_bag/dl_00000_e4ba0412.jpg,plastic_bag,test,download-source:plastic_bag:e4ba0412,7170b7466250b94027cf6662a2f36ccf6430e7f428a36bdf56117b94eafe93be,03018400002088c1
dataset/plastic_bag/dl_00000_e9ee5e20.jpg,plastic_bag,test,download-source:plastic_bag:e9ee5e20,3529ce58f1d9b9669657bcbe3f41fdc6b5512accfff5d9ed0ad54b24f8baf24e,1313133a7a7c3470
dataset/plastic_bag/dl_00000_ead5285f.jpg,plastic_bag,test,download-source:plastic_bag:ead5285f,2c1700637bc4b2092dbe7c1673db00e2ebdcb08beb69a95ce016c02e003a2644,3436370bc8470b6f
dataset/plastic_bag/dl_00000_ee54ff72.jpg,plastic_bag,test,download-source:plastic_bag:ee54ff72,16935127692bd1aa6c16e5e82340d9d4f6fb3a891320ea32b377b478246b2eda,1f070f474f3e3f9f
dataset/plastic_bag/dl_00107_3e5ba23f.jpg,plastic_bag,test,download-source:plastic_bag:3e5ba23f,99148248e8aa04fe00a0ed93bdddfe4d3d53b902caed54bb7478c8d998a688b0,39090d0d0d1d5935
dataset/plastic_bag/dl_00107_5b545b47.jpg,plastic_bag,test,download-source:plastic_bag:5b545b47,71a296e3e0d8c2899022738ad5a8ed70533fc8fe53247a465d93f93cc85217d7,a48b0b0f0d9c8c0b
dataset/plastic_bag/dl_00107_75ba0633.jpg,plastic_bag,test,download-source:plastic_bag:75ba0633,5a7408b97581d94f98ab5c02c4a41f852064ff5d65638f14804a69c579336a56,a2aaaaa8a8a8aaa8
dataset/plastic_bag/dl_00107_8fc812ba.jpg,plastic_bag,test,download-source:plastic_bag:8fc812ba,2558827396b5b70bf483bcdc5458991c6287d8e14f395b195c0ee06e5ecf3ae2,999fe3a264d0b0b0
dataset/plastic_bag/dl_00107_c814a5a5.jpg,plastic_bag,test,download-source:plastic_bag:c814a5a5,14d6bcaefb02d7addb0e4dd5a715a6c024680b239dbc855ce7009c1bca79ad32,112c2d3f39303103
dataset/plastic_bag/dl_00107_e0ac39e4.jpg,plastic_bag,test,download-source:plastic_bag:e0ac39e4,a9a8daa1abdc64ffeebee527204897e3c444e3d19b60e3b278781a7fb3d58fbd,d057010101231919
dataset/plastic_bag/dl_00107_eac405e6.jpg,plastic_bag,test,download-source:plastic_bag:eac405e6,f550a8cc70d646f86675533bde68d8cdb7d88f8933b937deeec7591439fb9e3e,fddf97377f67b393
dataset/plastic_bag/dl_00107_f7891e7d.jpg,plastic_bag,test,download-source:plastic_bag:f7891e7d,01118c84b8a8a7708935611a5fe8b070f47d13b80bbb771216db8d63173bbda6,270d030d47373637
dataset/plastic_bag/dl_00164_0b3074ce.jpg,plastic_bag,test,download-source:plastic_bag:0b3074ce,e53092995c4844a7b780b355f4e7473cba277b6773d836ec9975fc85a9f1c450,1203635050c3c3c3
dataset/plastic_bag/dl_00164_41f61d1a.jpg,plastic_bag,test,download-source:plastic_bag:41f61d1a,3db6cca7b35e5be1dfd8bb8054b4073b5b7f926e408e554ce01c226191f39c81,ae8b2ab3b6ea6361
dataset/plastic_straw/dl_00000_077577a8.jpg,plastic_bag,test,download-source:plastic_bag:077577a8,eec5fe774ee783b20e104c29b5cf36767d74f3cfe76eb26299eaccb08d6943ed,1b33a9f46470181d
dataset/plastic_straw/dl_00000_0b4042a7.jpg,plastic_bag,test,download-source:plastic_bag:0b4042a7,dbb28adfb934ec3a45e529f5e3d6a6857036853df9a306ea2356628c26bfb852,0b0f2931aeeeec1c
dataset/plastic_straw/dl_00000_0f108873.jpg,plastic_bag,test,download-source:plastic_bag:0f108873,28fff504d7a8aab7adb152a2e4e6450b97ca3444e14c6cd3ac5ccc37f16c2856,c1af6060e0c8c8cc
dataset/plastic_straw/dl_00000_13dfcccd.jpg,plastic_bag,test,download-source:plastic_bag:13dfcccd,5651257d0f8c00fe08682a2b3edeb2c48575831a86cea80f661c2544510653ff,0030796363636140
dataset/plastic_straw/dl_00000_168be1e4.jpg,plastic_bag,test,download-source:plastic_bag:168be1e4,211200d28afafc7f376eccdccd3a9930cdfbdc8744e9e145e690c2ace1bb2459,2f6f67cf93bbdbfb
dataset/plastic_straw/dl_00000_509e7fd0.jpg,plastic_bag,test,download-source:plastic_bag:509e7fd0,5bcc8826299e038306c46166d1566326e86cd001263b1695d74bc4cbad9ccfe0,3d7070707060783c
dataset/plastic_straw/dl_00000_5101983a.jpg,plastic_bag,test,download-source:plastic_bag:5101983a,974823c82e803e0800eecf662c334f854466ea7d15a7cc8bf0eea7205bb31286,078726322727d6f0
dataset/plastic_straw/dl_00000_63dd881e.jpg,plastic_bag,test,download-source:plastic_bag:63dd881e,a80040501879cc2e7aac8e09715f7570f544249e4cf00d2198d83693e13ba3cd,31a1d9d9705c1c9c
dataset/plastic_straw/dl_00000_831cdd29.jpg,plastic_bag,test,download-source:plastic_bag:831cdd29,9ecf9a1422100544c320e5c31cb19ff4b4d7484e359364643602d4cd5c570cf3,b83189a965e03251
dataset/plastic_straw/dl_00000_8afda053.jpg,plastic_bag,test,download-source:plastic_bag:8afda053,0590e1690506f0ebadca93987b5eb4a3fdb3c36363bb18ac13cc4fd1d2814df7,680e2e24657b2a71
dataset/plastic_straw/dl_00000_9754e0a5.jpg,plastic_bag,test,download-source:plastic_bag:9754e0a5,6857f5d5155032516f66421444885ba589c247813908de3ce4d716b9aef7ac34,c98f3e0e0c0c0401
dataset/plastic_straw/dl_00000_a825c985.jpg,plastic_bag,test,download-source:plastic_bag:a825c985,bf72d5d505570e82cf681e98832a77ae366d0f039c9a815c4c1ca8b352b2b693,87c3d353331bbbe3
dataset/plastic_straw/dl_00000_b52042c6.jpg,plastic_bag,test,download-source:plastic_bag:b52042c6,89545d203bab64da389b0b4248e57f63aa3219d6d63fb22cf4440a387370f43e,5f573387a73aea3e
dataset/plastic_straw/dl_00000_ddad7f08.jpg,plastic_bag,test,download-source:plastic_bag:ddad7f08,6e2e8932e8311427889a12bc93eeb567db0a793d3046ed5700a3c416a91599b4,e764468e88081918
dataset/plastic_straw/dl_00000_ec10bb2c.jpg,plastic_bag,test,download-source:plastic_bag:ec10bb2c,fd4bbd791768086b519ba07c791fa9b1ad91460c40b58c8dae4d3868fc800266,3313131f16060909
dataset/trash/trash1.jpg,plastic_bag,test,file:dataset/trash/trash1.jpg,befe03db44ad0923b3f88239c071084950190e54381dc51679007917cfd315fa,273371797d7d7d7f
dataset/trash/trash101.jpg,plastic_bag,test,file:dataset/trash/trash101.jpg,4271dbcdab4a00c153b897c9f2958d549250e04a468635b80085e64b22d1d19c,0531313939ffffff
dataset/trash/trash103.jpg,plastic_bag,test,file:dataset/trash/trash103.jpg,91569f5d8ad69becd2f2b00717dc145ac32da62ef45f5388a6a672cfd029823e,193931307171393f
dataset/trash/trash111.jpg,plastic_bag,test,file:dataset/trash/trash111.jpg,142eaad587c73f0909a5c7f8e068f1a5122c091f7dd55ac04f34d6f73fcaa384,0787c7c7e1717327
dataset/trash/trash12.jpg,plastic_bag,test,file:dataset/trash/trash12.jpg,e17b2ee40dac3524051c42121de539c097010e7cbdb572f17b329877b8833df7,040c1c3878797b3f
dataset/trash/trash121.jpg,plastic_bag,test,file:dataset/trash/trash121.jpg,0c14e49aa904201de9fa905aba92864cb0345f0e569ec4f9fc37838fe3862645,0f0f2f71f161671f
dataset/trash/trash132.jpg,plastic_bag,test,file:dataset/trash/trash132.jpg,d1d96dd1bc1463d3464a4687105ec09a05bf63afe237bbec9c1aceafac56cf55,0707233333371f1f
dataset/trash/trash18.jpg,plastic_bag,test,file:dataset/trash/trash18.jpg,9bf4c74101f0871f626a44afb655b79300554d240945f158a3d1aab53c8a415c,91717177df6f3f39
dataset/trash/trash19.jpg,plastic_bag,test,file:dataset/trash/trash19.jpg,fa605cfbf34d79168070e127f494b4dd3b1c53021f968e4fea7dc44e05de66ba,0f39313373773f3f
dataset/trash/trash21.jpg,plastic_bag,test,file:dataset/trash/trash21.jpg,70cf27625f47d388ae067b2b74559dcaa498205a60140957e88413dc74c0f476,f8d8ececf0e18000
dataset/trash/trash29.jpg,plastic_bag,test,file:dataset/trash/trash29.jpg,352d82b8a19a0ee5e50fafa6fec2858b021ae0240f20c303a76a6fb051c59096,436379feffff7fff
dataset/trash/trash32.jpg,plastic_bag,test,file:dataset/trash/trash32.jpg,91d9398f5d3edbe36f7f8dd928d320eb40b0cd585cb3873921649742e59321ae,6f61707030781901
dataset/trash/trash55.jpg,plastic_bag,test,file:dataset/trash/trash55.jpg,360bb1b49f6f1f02dfb68d120863bc8b36b144b9a7edd1c5ebda5aab57476df7,a33779797dffffff
dataset/trash/trash68.jpg,plastic_bag,test,file:dataset/trash/trash68.jpg,f6b0430a22960812c30c536b9f1d56052cc306314e5647fe6fad46bba63fb341,ffff7979f979f9ff
dataset/trash/trash72.jpg,plastic_bag,test,file:dataset/trash/trash72.jpg,917e956c1df7d71729b71069800b1c9b0b5c45f4be29901c4437781244db9a58,71f1e1e8f9f9fdff
dataset/shampoo_bottle/dl_00000_36c76047.jpg,shampoo_bottle,test,download-source:shampoo_bottle:36c76047,23d69e50d7b7f39c3c5c8c66ee5fb7864c3fb39bbcbdaad3f5e877b8a4f40f57,3326657392c6c59c
dataset/shampoo_bottle/dl_00000_6a643eaf.jpg,shampoo_bottle,test,download-source:shampoo_bottle:6a643eaf,19a0bbdb3e7b43c0d421e1ef13ae925fbeeab74936c471b5ed32c7046602d89f,133332121e8c151d
dataset/shampoo_bottle/dl_00000_a123b04e.jpg,shampoo_bottle,test,download-source:shampoo_bottle:a123b04e,5a3d788cc978a5cd1303012bb20928a0bb00666d9d19f6229b5e5f7a479f4240,0e2c66660e0626e0
dataset/shampoo_bottle/dl_00000_c03100bd.jpg,shampoo_bottle,test,download-source:shampoo_bottle:c03100bd,602a2f92b3ffc84bf1d74bee2fb5b19679f8e3332f9a896dcb595d57a5c52e6e,8cdcc88bf9251c1d
dataset/shampoo_bottle/dl_00000_e2488418.jpg,shampoo_bottle,test,download-source:shampoo_bottle:e2488418,03afcf320dd67444a56292b8c22497e2d6fdecb8bc7d966935443bce88048284,1030707878787838
dataset/shampoo_bottle/dl_00000_eb5095a6.jpg,shampoo_bottle,test,download-source:shampoo_bottle:eb5095a6,08ec8fc64a9d9d338e938ec0ebc0599fbce1125ccc5dc2ecf4a7a298a9c1f88c,b53f07073101e030
dataset/shampoo_bottle/targeted_00150_497f7c1972.jpg,shampoo_bottle,test,file:dataset/shampoo_bottle/targeted_00150_497f7c1972.jpg,af790f10a809d717b0c1701757f0b2796d47dd65e6a0441ca21fa46b001e0246,464c4b46654a241a
dataset/shampoo_bottle/targeted_00233_3a9061e344.jpg,shampoo_bottle,test,file:dataset/shampoo_bottle/targeted_00233_3a9061e344.jpg,2ef101ef50c2a898e2fc3659ed60a9f19d1ebebf1427072bcac956ad22f1a863,1c1d0909090783e3
dataset/shampoo_bottle/targeted_00285_039a5a8b66.jpg,shampoo_bottle,test,file:dataset/shampoo_bottle/targeted_00285_039a5a8b66.jpg,56bf02fd37354f129ea73234438cd44ca88d3d4661b00bbcbc5e55c98c6ae68d,583c3f3f1f1f6367
dataset/shampoo_bottle/targeted_00292_845e3c831a.jpg,shampoo_bottle,test,file:dataset/shampoo_bottle/targeted_00292_845e3c831a.jpg,f0b1aa351bfc9aa91f7f7bff52c797711802106aa8d4e66c39031564b50c0f6e,3f37b732323a3931
dataset/shampoo_bottle/targeted_00314_3d28537bae.jpg,shampoo_bottle,test,file:dataset/shampoo_bottle/targeted_00314_3d28537bae.jpg,74511c12167225b5364cc979c7645ca8dcf1c53716328a1c832519e3fafe45eb,3f7f6f7b2d2d6d2d
dataset/shampoo_bottle/targeted_00329_12f4ef4dd3.jpg,shampoo_bottle,test,file:dataset/shampoo_bottle/targeted_00329_12f4ef4dd3.jpg,21e1527547bccf56412fa683cecccd61ba1a99faf95978a9e3a909d7367f1c2d,8c8c8c29ad292d8d
dataset/metal/metal106.jpg,soda_can,test,file:dataset/metal/metal106.jpg,cf0dbed4a17ca4e94805d9649d2f3fa00b6e4b19d1b401f10b5c54bf5e280fe1,fffff9f9dc7c6cfe
dataset/metal/metal110.jpg,soda_can,test,file:dataset/metal/metal110.jpg,42724b3d2dd58e39269e0222b8fa4474e4b56e5a678e9c57757ac0f943021d88,80c0d1d9999898bc
dataset/metal/metal111.jpg,soda_can,test,file:dataset/metal/metal111.jpg,60273e1cefdeb1ad86288a56d7b9c76dbef19cb96042ff66cb0fc456c0ab5d6b,797b737161f3dfff
dataset/metal/metal127.jpg,soda_can,test,file:dataset/metal/metal127.jpg,0a87299066ebc0b2188ceb3b7191bacef452188b6aaaf17aeb6c44227a0001d1,f1f0ecececf8f9ff
dataset/metal/metal129.jpg,soda_can,test,file:dataset/metal/metal129.jpg,c1bed427b41f9243ddc979a5411f065649586e75a089b478f156f50ce7eb105b,7361e1f3f3f1f1f1
dataset/metal/metal13.jpg,soda_can,test,file:dataset/metal/metal13.jpg,a4d7df36d807f540e62fb91552e0a1926a8154c30c80fbf4207d4c1b845c4e6d,fefefbfffffefefc
dataset/metal/metal131.jpg,soda_can,test,file:dataset/metal/metal131.jpg,975b7d5db3e97c57f0191768a3a6b3f20bd0f7ab4868cc5a1909fada8c02252e,233171f9f9f9ffff
dataset/metal/metal14.jpg,soda_can,test,file:dataset/metal/metal14.jpg,9fac16ae09af013cdd4273f8b81b811ccaffe3b1f064482e6001c366a757fe08,7178787a7e7c7c3c
dataset/metal/metal143.jpg,soda_can,test,file:dataset/metal/metal143.jpg,06a375005afe2eaa148c3151b5887374b35724bd7f0998027602c111a468565c,7b7ffecaced6d0c0
dataset/metal/metal146.jpg,soda_can,test,file:dataset/metal/metal146.jpg,2f48e712ac253a576e000248b523c970264a95e572c23e9ccb57404c15a16857,7ff9f1f9f9e9e9f1
dataset/metal/metal148.jpg,soda_can,test,file:dataset/metal/metal148.jpg,8b589d4d3c385ba8ff4f25b2b450ecf651ba437d2ebce67aa9b5eb4e71724c29,78707173e3672f3f
dataset/metal/metal149.jpg,soda_can,test,file:dataset/metal/metal149.jpg,ea2588fc9bd2d5c9e9acf459e9b01c4649ae9e705d499a3c6c4a12df8a3d7857,7070e06073720e07
dataset/metal/metal150.jpg,soda_can,test,file:dataset/metal/metal150.jpg,30cc41ce392d1c1ef10164a44cf4026e0c4534547f191b30856a9b1dc3eb1978,21b0f0ccccececfc
dataset/metal/metal170.jpg,soda_can,test,file:dataset/metal/metal170.jpg,7ca0341822ae42c3cbe89d17a4336c3bfa2f50bce8fa6cb559dd0b767098d4db,f1f8383c3c38f9e3
dataset/metal/metal173.jpg,soda_can,test,file:dataset/metal/metal173.jpg,207268345869e042ad945c8fa4d9bcc3580e69840c102b1119d86e3c7c54b5a7,3c3c1c1c3c3cbcf9
dataset/metal/metal180.jpg,soda_can,test,file:dataset/metal/metal180.jpg,be03c4e938a384498612241ade801334b667bdfea4e815fb13082117b4d0ba8a,e4820f0d0f0aba8c
dataset/metal/metal183.jpg,soda_can,test,file:dataset/metal/metal183.jpg,9813406c220078597003594411307c003455d981edb81aa299d5b993b268685e,1f3f3f67e7e7e7e7
dataset/metal/metal192.jpg,soda_can,test,file:dataset/metal/metal192.jpg,658bf4daf9cf82ab9b4f5794946d0be8db7c2e0cfd33f1b656bc8bc5b6878d7e,e8786cecccd899b3
dataset/metal/metal195.jpg,soda_can,test,file:dataset/metal/metal195.jpg,4440ceed66c69c6acd75164bccfe84c812fbbdcafa8fedf87725690dead684d0,fffbf9f1f9e1ffff
dataset/metal/metal197.jpg,soda_can,test,file:dataset/metal/metal197.jpg,0a0206ae58033eba8cd830128181304756920c01ec3c7e599cad6ec9d71ef70b,fff0e0f03c3c6c87
dataset/metal/metal204.jpg,soda_can,test,file:dataset/metal/metal204.jpg,0a85c75cdd7a30aafbb140bd84ced4847380370e5a901b7e4935e3cd7328e9cc,7f7f797979f9fbff
dataset/metal/metal209.jpg,soda_can,test,file:dataset/metal/metal209.jpg,45ac1160c83f9b3e15d55a4e440f2259a63b1bfbb6e85e0f94a9d8ff163a015b,7ffc78f830381b4f
dataset/metal/metal21.jpg,soda_can,test,file:dataset/metal/metal21.jpg,f2dd2e04bea9964dd5a699723858eb9705b52889b5614bdc09260effec563ed9,fffbf9f9f8f8787c
dataset/metal/metal214.jpg,soda_can,test,file:dataset/metal/metal214.jpg,fb1687c2e97f0fad07495f5ecd3d08b516f09661a00261dfc5e9080d241dd974,7f7fb131b9f9fdff
dataset/metal/metal219.jpg,soda_can,test,file:dataset/metal/metal219.jpg,f49811a508458d2c9c3b71c8c0e042f05c4e297818177d01322b01723d608701,70f0f87878f8f0f0
dataset/metal/metal222.jpg,soda_can,test,file:dataset/metal/metal222.jpg,c943be388369a82dfa1417c1c23df8ac0f00ab80cb1e39c0de5c35af4947c87f,7878f2e2ef6e6efc
dataset/metal/metal230.jpg,soda_can,test,file:dataset/metal/metal230.jpg,58200416ab0635a386c6c5917c8f9e170dec6e9266d04c984a0e7e1f2dd69dea,fffff7f5ecdcccac
dataset/metal/metal238.jpg,soda_can,test,file:dataset/metal/metal238.jpg,e892a55332853eaca57cac4131e2d21945bb755464a05c74aaf8c4858f57d3ec,3e1c1e3e3c3c3c3c
dataset/metal/metal239.jpg,soda_can,test,file:dataset/metal/metal239.jpg,d984583b9ff25cfa175329f01af7c88fe3b75160ae751bfaea46ff39800b7f72,73e0c4d6dedcf173
dataset/metal/metal249.jpg,soda_can,test,file:dataset/metal/metal249.jpg,b94f43400e61f17ac2a9cc720d5dd05ff33282dca59e0743055b6140e0c81798,f8f8f8fcdcdcce9e
dataset/metal/metal254.jpg,soda_can,test,file:dataset/metal/metal254.jpg,5f7729d8942296b24a2837b096cb747e61f45fe7fa7dc2c77075548ef881a97f,4040c68e8e8ec630
dataset/metal/metal257.jpg,soda_can,test,file:dataset/metal/metal257.jpg,0647d5376a54912ffb1ad2a53a18139a3d78d5901f34f9e372dab207f6dc7c3c,fcfaf3f3b3d5535a
dataset/metal/metal262.jpg,soda_can,test,file:dataset/metal/metal262.jpg,16985596a876dcca2d8b5519979e180f6496771551ea262346ac37f3f4d9099b,fffefefff7f7eece
dataset/metal/metal265.jpg,soda_can,test,file:dataset/metal/metal265.jpg,848b01fb761ed29fd1bad130b3b526fea747c5338c953900fa117eec154de1f0,fffdf8f4f4ffffde
dataset/metal/metal268.jpg,soda_can,test,file:dataset/metal/metal268.jpg,f567f55941181c665609ca7052f06a8af445438a73b8c5a408c822fc8a9a4880,f8f1f1f1f1f1f3f7
dataset/metal/metal269.jpg,soda_can,test,file:dataset/metal/metal269.jpg,e56df9be46fbbb5fadd739b24a058acc4f419ff7a567f2c164a89390be832f04,8c88d8d890800f2f
dataset/metal/metal27.jpg,soda_can,test,file:dataset/metal/metal27.jpg,9c2415a47e9b1c1744ab393a6d065820384ea47a23c0a625fa52d8e98ce6a13f,43646666627cf999
dataset/metal/metal271.jpg,soda_can,test,file:dataset/metal/metal271.jpg,e9bd8863c4b41a107e70a028f261cd0cb1a99355a9e1a88a60de95f2049692f3,f7f0f0d0c6d61c0c
dataset/metal/metal277.jpg,soda_can,test,file:dataset/metal/metal277.jpg,51c7cff9d8ea7e43822160aa242c591326b78e022a510d95dfda670d60452e53,d3c3e9e1f1f17c78
dataset/metal/metal28.jpg,soda_can,test,file:dataset/metal/metal28.jpg,a1842aa872d2dd179e670cdb8ca587b1b4c3f821b413046ea59dde5a369a49e4,f379e8f85cfc7839
dataset/metal/metal281.jpg,soda_can,test,file:dataset/metal/metal281.jpg,c820ec4d35ec9f7f74ba3a42d0d5089dc2b9371eec31d5a81d366d7d1d2f7710,63e3e3f3f1f1e1e3
dataset/metal/metal288.jpg,soda_can,test,file:dataset/metal/metal288.jpg,191035be31b64e1edad395dce380f5be67ff59fb68a33b57d3051e8bd218a7e8,f3f1e8f4f8eb7bfa
dataset/metal/metal29.jpg,soda_can,test,file:dataset/metal/metal29.jpg,13aa829cf9765a02f5a1f3d882b6040545e93b79cca6bd9aa840725c2587c839,383070e1f9f9ff7f
dataset/metal/metal302.jpg,soda_can,test,file:dataset/metal/metal302.jpg,97ef3f279313dfaf8931e25f699b9afbb193dcd5aa5329a4676b678a4dcab090,70e0c4d4d4c1f173
dataset/metal/metal310.jpg,soda_can,test,file:dataset/metal/metal310.jpg,10bff8c5d8e0dc1bdd5785f57de5e4a0b69913813781b10cf5ecf09b42bbe6b9,7f70e4f6e6f47878
dataset/metal/metal322.jpg,soda_can,test,file:dataset/metal/metal322.jpg,b637cef7074907a5a1baa9703e1b7ad4cacda649cf66799e63376747be327e95,3cfcbcb0c2cfcbc7
dataset/metal/metal323.jpg,soda_can,test,file:dataset/metal/metal323.jpg,8c631b399474092ee2527e13fa431b2d8bf2f814956735b34f92bd7845651977,fffffffcb8bcfcec
dataset/metal/metal329.jpg,soda_can,test,file:dataset/metal/metal329.jpg,dd6c15c4d85fc6eb3bfcdd04d6469c8bc8fb89c891b0dd6f413f4597a0c24572,f0e0e3c3c7878787
dataset/metal/metal334.jpg,soda_can,test,file:dataset/metal/metal334.jpg,c1723b93e8ac8fd1b2204898c215843743725cfce8c3693a9257b3248d708294,bffcfcfcfcfcfcf8
dataset/metal/metal336.jpg,soda_can,test,file:dataset/metal/metal336.jpg,d85410f8e776047a7bf5c3c436182af44dda80d76d0a4952de4da0112f8830fc,3270f4f2f0f0f0f1
dataset/metal/metal340.jpg,soda_can,test,file:dataset/metal/metal340.jpg,5bc8b3809eaad064ba7594d1e271f7002504d7642ad3a9bc8c73e36fcfd0d424,9ff1706cecf8f9db
dataset/metal/metal341.jpg,soda_can,test,file:dataset/metal/metal341.jpg,dbd950d05165c3595b7daab51f387fc0dbc10cfea64d1273e9aef76047a4abad,3763cdcddd797717
dataset/metal/metal345.jpg,soda_can,test,file:dataset/metal/metal345.jpg,c30e1216f6d5fb43a87f80b2b75404e0b62fbcb530e173c646b302299a1cfdfb,7f7bf1f1f97c7d3f
dataset/metal/metal35.jpg,soda_can,test,file:dataset/metal/metal35.jpg,b0546d9b6adcb589de61b9ac2340bde30dbcfb2bed0e099d5caaa682c859398c,7060e4ceceec7078
dataset/metal/metal350.jpg,soda_can,test,file:dataset/metal/metal350.jpg,e5c11cab3471d63231449c669f779d85a372492cae981a3731efab9d6a0ed26a,fefcfefefbfb7b7f
dataset/metal/metal351.jpg,soda_can,test,file:dataset/metal/metal351.jpg,e47484d4ebebc7e9c062ce870d16511d0cd6ddbb982ffd1508ad4bb4738db11c,3f7b73e7eff3fe7f
dataset/metal/metal353.jpg,soda_can,test,file:dataset/metal/metal353.jpg,eb0b654865af8e1255154b729ddf5b753d662425169ef4b8acc1fef825453c1d,0f5ffff1f0fcf8f8
dataset/metal/metal354.jpg,soda_can,test,file:dataset/metal/metal354.jpg,1ac43424f74276c3ea1c27c2a685414a66c126cd37f4809f64967d110021b7c6,c5c0b89c9891c3cf
dataset/metal/metal360.jpg,soda_can,test,file:dataset/metal/metal360.jpg,5dbd501eccfbbaf0bd30ef527ccd97e050e9fd4398721fc2cc5ac6e5493c88ce,f3f1e9e9f1f1ffbf
dataset/metal/metal362.jpg,soda_can,test,file:dataset/metal/metal362.jpg,f20a2d7b4fca27ecd23d47f92bd6ae86da5d591b057744a11c347a0347a319fa,e0f1e1f1f3f3df5f
dataset/metal/metal364.jpg,soda_can,test,file:dataset/metal/metal364.jpg,b95bc24b3a9779fac5aed239cc482c3eae8515e762b67f754464f9458307b03d,d9d9d8fcfcfefefa
dataset/metal/metal367.jpg,soda_can,test,file:dataset/metal/metal367.jpg,aba527ea42a5cae52993339b9fdeb8bfec8b191a471aae2731f91c56716bde0c,fff9e0f8e8d6f879
dataset/metal/metal377.jpg,soda_can,test,file:dataset/metal/metal377.jpg,b1bc4ced340dbca3ee419e140cadc68991ae80a903fa6a326c8fa0d93caf4d3c,f3f1e8ccccecf0f0
dataset/metal/metal38.jpg,soda_can,test,file:dataset/metal/metal38.jpg,cf67e6c88793b244bfc3cdf8d6389c475c8641cc4b33bb720d87c8a49ffefa20,ffcca8b0a081cf3f
dataset/metal/metal380.jpg,soda_can,test,file:dataset/metal/metal380.jpg,185c5013b71afe133a27dd604c72fc9f76620dff3e8f2e604829cac1d749d405,c8d8f0e0e0d0c000
dataset/metal/metal385.jpg,soda_can,test,file:dataset/metal/metal385.jpg,a7df0104bb93ac924ae1117df3ba3efde224cba388a060dc7846977e69bf5241,0c38307470393bcf
dataset/metal/metal388.jpg,soda_can,test,file:dataset/metal/metal388.jpg,bd387f71c0ee1db3782e9365786a6ddf3ccdc9408079f8a253b1e085e1b58d0d,edfdfdecacb4e0f3
dataset/metal/metal393.jpg,soda_can,test,file:dataset/metal/metal393.jpg,03df33467ca34568ab435414614bb91881b006510bfa7fcc5cb131f51990ec9c,3071656470697933
dataset/metal/metal399.jpg,soda_can,test,file:dataset/metal/metal399.jpg,2e62194aacab189aabc30d0902af1afa699f75341cbc4baaaa12cd38dbfab739,7b79707464747839
dataset/metal/metal404.jpg,soda_can,test,file:dataset/metal/metal404.jpg,7ccd1514dcac218ee885080e5e7aa11eedecc4eb3f36cb0173b0765b92902977,bf8396bf3f3ffe7e
dataset/metal/metal406.jpg,soda_can,test,file:dataset/metal/metal406.jpg,f17d023b7a7bdcc6ac2c7ea673fa97ee75e5e07906ded6c69e56250acc0cc633,f1fcdeded7f7fcfc
dataset/metal/metal408.jpg,soda_can,test,file:dataset/metal/metal408.jpg,fa6694a9a54da63b33dc50079ef9b5ab8e1517dc519bffbefc6a44d5f9a569ca,fff5f7f7f7f7ffbf
dataset/metal/metal46.jpg,soda_can,test,file:dataset/metal/metal46.jpg,0fd71c2e973de5faf29906659e41c111a8cb023f6dade971af1a2fc972ba0004,e62363e3dbd9aaaa
dataset/metal/metal47.jpg,soda_can,test,file:dataset/metal/metal47.jpg,44edfada36d51d2098507fb89d79f50e79df3ea8c2b122c18502ae782e0ca4f2,3f7ffdfcf6fefebe
dataset/metal/metal51.jpg,soda_can,test,file:dataset/metal/metal51.jpg,98bc09cb0c3492a8f5f1952f2cff644fc4858a7e1842f537a89625b95581ca7c,fffbf1f9f8f9f9fd
dataset/metal/metal54.jpg,soda_can,test,file:dataset/metal/metal54.jpg,baeb710766e950fc6a544b7a42c834572c9168e1705235762f82314f13ae9975,3e7cfc9cbcbabad2
dataset/metal/metal56.jpg,soda_can,test,file:dataset/metal/metal56.jpg,f67170a855f5bb923145af4d90d7d505164b011778d62d72d1a2603db778acd8,fffff9f8fcfc78f8
dataset/metal/metal58.jpg,soda_can,test,file:dataset/metal/metal58.jpg,2c1b7263f7e1adeb64bba4692d887752d3f6462213d1d6f6673e42aac37b91bc,fb79b974ecfcfcf6
dataset/metal/metal59.jpg,soda_can,test,file:dataset/metal/metal59.jpg,fc074ff347ce0eb23cf2532878c705a72f53e6bd946a8e0aa431f9a9b553ddd0,fe7cfcfcfd7f7b7b
dataset/metal/metal69.jpg,soda_can,test,file:dataset/metal/metal69.jpg,af49fd0677db625844199f24ff7ca542e5a2fbbb174839d57ae3ac034fcb28b7,fffffbf9e9e3f7ff
dataset/metal/metal7.jpg,soda_can,test,file:dataset/metal/metal7.jpg,9b90ca957763cc688295ce4d2ac488b588f1c16384ebe4bf62c12373b0203968,f8f8e8e0e1e3e767
dataset/metal/metal70.jpg,soda_can,test,file:dataset/metal/metal70.jpg,4fb4ddcac98f16d8bab2241a2e726b4dc1fc777e065b66913db2d4283b5554a2,7ffdc19c9cc4f8f8
dataset/metal/metal76.jpg,soda_can,test,file:dataset/metal/metal76.jpg,a5837271a1ad74b66d6bb9ff679491efd25a4edc497ddbc8474f2f1e90ad8237,f97ce6c7c7c7c7c7
dataset/metal/metal83.jpg,soda_can,test,file:dataset/metal/metal83.jpg,f51eb5b4486ed937312af3e6d46736661acabb1cb03b36352328c8a5748f33e0,c6fdf3e7cf9ab6f4
dataset/metal/metal9.jpg,soda_can,test,file:dataset/metal/metal9.jpg,c80ce69fe45c0b22fcec94bb8a9e235f7b1eeb06e9f74c44a5016c6798d9a8c0,71f1e1f1f3f3ef6f
dataset/soda_can/ov_00003_ea1fe585.jpg,soda_can,test,file:dataset/soda_can/ov_00003_ea1fe585.jpg,ce992d1107a5f325864951083f50a4413a8183f2d693239c27888b348a4cf1a4,0efcdcdcdc585c1f
dataset/soda_can/ov_00006_1891cf61.jpg,soda_can,test,file:dataset/soda_can/ov_00006_1891cf61.jpg,a6fbab6007d22d1f3f788cf6df00760a107e8d74a3bd9499a37eec1c6133c36e,e3a21e3656f6e667
dataset/soda_can/ov_00023_ea0585ee.jpg,soda_can,test,file:dataset/soda_can/ov_00023_ea0585ee.jpg,834604e20cd02c6535d0f683d196039a0bdb5def60505c1dbf17f7f3ce843c08,6fdd7f9e9b2fecac
dataset/soda_can/ov_00024_b5791069.jpg,soda_can,test,file:dataset/soda_can/ov_00024_b5791069.jpg,c84b2ec6e52ca15f6611fbcb9ef0d9f796c71a96622cfe382ac65e0815a050ae,f3e266646ce4e4e0
dataset/soda_can/ov_00026_2c6d7e4e.jpg,soda_can,test,file:dataset/soda_can/ov_00026_2c6d7e4e.jpg,cf410530b8f91ec5d2947a6ce5899ce6fa2d6511d824dfd401dbba047f6cfeb6,8cac8c0c0e0e8f8d
dataset/soda_can/ov_00028_0b7c8e4b.jpg,soda_can,test,file:dataset/soda_can/ov_00028_0b7c8e4b.jpg,b53238191805dd5f6b88b115658463309842e236b6093814b6e107429d14eeca,49c8939393120c2a
dataset/soda_can/ov_00032_ac6707c4.jpg,soda_can,test,file:dataset/soda_can/ov_00032_ac6707c4.jpg,bf199ae7056d6b7515e4bc6e85fa6f73b45dc5b1fb417ff8c9cad168bce8fa89,7b4f3bb33338181e
dataset/soda_can/ov_00034_b42b1927.jpg,soda_can,test,file:dataset/soda_can/ov_00034_b42b1927.jpg,6a936e3addcd819e28248693dfdcf218cdb9b3e1ebbcedf213f0a09a881394ec,475393b9953e2d9d
dataset/soda_can/ov_00038_421bfda7.jpg,soda_can,test,file:dataset/soda_can/ov_00038_421bfda7.jpg,8dbb8c0abf1bf0c9ef0ab046892b5c2913c4a14d723425930f75e275b1a37a62,2d24242996eea6a4
dataset/soda_can/ov_00043_41891201.jpg,soda_can,test,file:dataset/soda_can/ov_00043_41891201.jpg,99202e0259100b15cf1f617c97cedabc08179299dfc08b363bbd833769ea641b,3171717171717133
dataset/soda_can/ov_00046_47a779bf.jpg,soda_can,test,file:dataset/soda_can/ov_00046_47a779bf.jpg,1f70af56fd01d2df758a88291f197c1d49f8827d4b61f8047101f96d0130c711,c08f8e8ecfc74707
dataset/soda_can/ov_00052_b269f702.jpg,soda_can,test,file:dataset/soda_can/ov_00052_b269f702.jpg,98e22611364a95495bcd6441f12b6b09991af85ad823e516a61b41c6e1a27852,3fc300002537b78b
dataset/soda_can/ov_00067_ebd9ab2d.jpg,soda_can,test,file:dataset/soda_can/ov_00067_ebd9ab2d.jpg,8bf99602ee5b3dc8cbf7876f3b2e66e40795c9cf0f7b2b95aa7cb225422c2eb7,091d9d0d09191919
dataset/soda_can/ov_00074_76f76182.jpg,soda_can,test,file:dataset/soda_can/ov_00074_76f76182.jpg,f29051f6bbe4487d7364d5658ae77ae9562f7b305072b0545a4412a0d05e05af,46f6f4f6f6f0f3f2
dataset/soda_can/ov_00075_6e6c21eb.jpg,soda_can,test,file:dataset/soda_can/ov_00075_6e6c21eb.jpg,ba95d359f518f4974ec1bc1dc197613ae5399af5311ceb6e695e5507d46ca220,010303070f060007
dataset/soda_can/ov_00082_9ad1b837.jpg,soda_can,test,file:dataset/soda_can/ov_00082_9ad1b837.jpg,90bef6a6dc96c5e76c05bd31495506d70c2cd2ae32cf62fe6b36904ed09fcce8,1f0f0f0707635856
dataset/soda_can/ov_00085_ccf02a12.jpg,soda_can,test,file:dataset/soda_can/ov_00085_ccf02a12.jpg,3fb9eb7fdc9be4d6347eeb141823766a7baaa2c39a050130f67239235214811c,090b8188c8cea206
dataset/soda_can/ov_00088_5426d132.jpg,soda_can,test,file:dataset/soda_can/ov_00088_5426d132.jpg,81d7cffbe375cc826f7878dd57433c4bf2ba56862c55d2e8776da8a3bff403ae,1531315151d17171
dataset/soda_can/ov_00102_b7276b5f.jpg,soda_can,test,file:dataset/soda_can/ov_00102_b7276b5f.jpg,dece278f29caa6879a241edad17ed0e53d1eaad2108d4f54535db3cd97fa1190,0103010002820220
dataset/soda_can/ov_00110_8b7ecb6c.jpg,soda_can,test,file:dataset/soda_can/ov_00110_8b7ecb6c.jpg,ccb36546caf8753b5ace79dc366bbdf95623470dd04285b417c656028f5c6e87,86070b27070722e0
dataset/soda_can/ov_00119_52173aed.jpg,soda_can,test,file:dataset/soda_can/ov_00119_52173aed.jpg,eef5a4ce65e6de9bf663485843061d29b55ff7913f81d615c24d686ff14c8d27,860b0b0b0b0a8ae0
dataset/soda_can/ov_00127_742437d2.jpg,soda_can,test,file:dataset/soda_can/ov_00127_742437d2.jpg,77642484eb37029c6f4e26d77ba15321147e9f9e575090cbf4a0b91cfd95af9e,d597850e0c8e821e
dataset/soda_can/ov_00129_bf51c265.jpg,soda_can,test,file:dataset/soda_can/ov_00129_bf51c265.jpg,303fbd1fe6d2ce028bf98a276db50817b39b0070bce7a67e356ad77e45b85149,1b33333333303131
dataset/soda_can/ov_00133_5e03136e.jpg,soda_can,test,file:dataset/soda_can/ov_00133_5e03136e.jpg,b5131b439fddb81f6bd8f9768f7d7f1a4b97ac0b3140763badb5de9856daeb51,eac9717231f1e1c1
dataset/soda_can/ov_00150_a72f4e82.jpg,soda_can,test,file:dataset/soda_can/ov_00150_a72f4e82.jpg,8ed24ba9086b49fe503f7a9c0be096861d5fcf43b8819a67cfa7f6217756f8fb,1f1f0f0d0d29772c
dataset/soda_can/ov_00163_310c117f.jpg,soda_can,test,file:dataset/soda_can/ov_00163_310c117f.jpg,ffa83dee754c4a9f79a22e0e8f1c8023d83e5c40c2f15dfaf709c578ae6d1394,636776341bb3b30f
dataset/soda_can/ov_00190_fd09b346.jpg,soda_can,test,file:dataset/soda_can/ov_00190_fd09b346.jpg,48ab6838262139e044a304c1441f44e076f2acf670a3cc14bd9967e21383b223,612d2d8b2b050c0e
dataset/soda_can/ov_00192_27aa8a25.jpg,soda_can,test,file:dataset/soda_can/ov_00192_27aa8a25.jpg,84d153f8982683acaca91a6f61bef58f792f96b10c5caa6764bef0992418c37b,8f0f0f0e0f8e8e0f
dataset/soda_can/ov_00199_6d4babf2.jpg,soda_can,test,file:dataset/soda_can/ov_00199_6d4babf2.jpg,3e338ac62f2297734ed09cb6b60217ee5b77c9a9f4bc3ab8265331997f20c23f,7f27e3e360626120
dataset/soda_can/ov_00200_371f83a5.jpg,soda_can,test,file:dataset/soda_can/ov_00200_371f83a5.jpg,80f0a1badaa5f6a11473ae5efa3e4e496d7e812c86ca24976cc36d5354f04863,10c4a4ce8d991111
dataset/soda_can/ov_00202_58ede37a.jpg,soda_can,test,file:dataset/soda_can/ov_00202_58ede37a.jpg,12676b60f6b0ad808757f5dc0a3798acee777c403ba9a0d0b10507611153027a,261707078a1e0701
dataset/soda_can/ov_00209_918528b6.jpg,soda_can,test,file:dataset/soda_can/ov_00209_918528b6.jpg,98d875970636998875931e74c58623ae088d429719e8ba63bf9718f3312f819c,371b1b2f3b3847c5
dataset/soda_can/ov_00217_8c88d386.jpg,soda_can,test,file:dataset/soda_can/ov_00217_8c88d386.jpg,da561a751b2d4adcc56b966a9d806eaf16b3b2615450327f7421572e0ba08bd3,8e9a1e999d96868e
dataset/tin_can/dl_00000_1e52c234.jpg,soda_can,test,download-source:soda_can:1e52c234,13c06667446c3e9a14bfd8d12c81bb49d7e0216c892b73c74883c48bcca010b8,161f1f1717171717
dataset/tin_can/dl_00000_4308c939.jpg,soda_can,test,download-source:soda_can:4308c939,3d1b72fe64f76a43c549c68706d2439e67dfb7747350ca184756a00c766e6577,a3c3c0603c0c06c7
dataset/tin_can/dl_00000_49888ad8.jpg,soda_can,test,download-source:soda_can:49888ad8,af5988043703160656df58a2216a9b57e2229b6e124c69e8311a806485c17054,83c1858296876110
dataset/tin_can/dl_00000_62124306.jpg,soda_can,test,download-source:soda_can:62124306,313c8b485af58ea1c46130f61c4c50f194e51d6b73563e65c62c4134c481df2a,080c0c0e0e0e0e0e
dataset/tin_can/dl_00000_63a420a7.jpg,soda_can,test,download-source:soda_can:63a420a7,08069ad5ff7203da98ef9bdcd2a238d05853945c54b4d6644d05e8566e06a7c2,7f6f078707c7e7f0
dataset/tin_can/dl_00000_65c976f3.jpg,soda_can,test,download-source:soda_can:65c976f3,028f4a96783b1e130cb20289142e6f6be0955961ee804f65d6533ca9277a4284,1cc4cc8d3839ffce
dataset/tin_can/dl_00000_73fb0070.jpg,soda_can,test,download-source:soda_can:73fb0070,9d4bc9c3f6f5ac415894584abbfd826fd5dca5714756ac24e25e3235fcfce6c1,c0c020bc7c20f0ec
dataset/tin_can/dl_00000_7e270f5d.jpg,soda_can,test,download-source:soda_can:7e270f5d,d0d9fa4db9f5a530be101545e4330e2ab5027ca318e9162f7c69aabd1bbf4c5f,0183030107070f06
dataset/tin_can/dl_00000_862c069d.jpg,soda_can,test,download-source:soda_can:862c069d,fa4e7ea6d3ff70e26a5f4665263abb04ec33a79077e1cc22329a3c026a507587,0b8d4d038554e8d4
dataset/tin_can/dl_00000_97f8d945.jpg,soda_can,test,download-source:soda_can:97f8d945,6372ae52b3f785bbb4eb01172caeb953568d5ac405e09f3b2adc582ec0ff723d,c7c6c6ca8b82626e
dataset/tin_can/dl_00000_98a2cf93.jpg,soda_can,test,download-source:soda_can:98a2cf93,26a83251fb85268a0bfa30b50047a5db5744d9fcde0eaae4d3d8e32e471c4638,19191f2f279e9e94
dataset/tin_can/dl_00000_b39fc316.jpg,soda_can,test,download-source:soda_can:b39fc316,83a2008fda5728f213df21606e48bbabff4c7eb7eea38ebdd00f4000c268f527,6969c9c98d0c1c19
dataset/tin_can/dl_00000_bfe7c5c6.jpg,soda_can,test,download-source:soda_can:bfe7c5c6,b05a2683c21f8ceb7e9651d68cc5319970e4a76320d5e0eccb029bcc7e1f6793,f7e767efefc797b3
dataset/tin_can/dl_00000_e8453da8.jpg,soda_can,test,download-source:soda_can:e8453da8,3e4a5844ef507f8e67a2a8cba3341bc7af021fc02dcf98cf40bd7676004d0b93,82040c0f0f0e0c0c
dataset/tin_can/dl_00000_e9deb3a7.jpg,soda_can,test,download-source:soda_can:e9deb3a7,00258a7493a7cfb38d710104e31a04e0d88f168ab4d755a4ca716a09e676bf82,19181c0d0e0e0e0f
